L2,rank,term,tfidf_score,raw_count,document_count,document_frequency
Meteorology,1,summer,0.34707684727548993,941,8,0.5
Meteorology,2,drought,0.27910900053216103,400,3,0.1875
Meteorology,3,bulb,0.23864502842571658,19,1,0.0625
Meteorology,4,autumn,0.2253567481922877,401,4,0.25
Meteorology,5,spring,0.20455227167243814,493,7,0.4375
Meteorology,6,chehkiang,0.19516203153324274,251,2,0.125
Meteorology,7,honan,0.17200621107318476,247,3,0.1875
Meteorology,8,observations,0.15584500265721596,376,11,0.6875
Meteorology,9,chihli,0.1496091144476145,233,4,0.25
Meteorology,10,hupeh,0.144622063207901,186,2,0.125
Meteorology,11,shensi,0.1441765951171276,207,3,0.1875
Meteorology,12,japan,0.14167843916181036,198,7,0.4375
Meteorology,13,kiangsu,0.1386106719259162,199,3,0.1875
Meteorology,14,mean,0.1379760150548305,727,8,0.5
Meteorology,15,temperature,0.1364811853459207,788,9,0.5625
Meteorology,16,shansi,0.1340571542226699,192,3,0.1875
Meteorology,17,meteorological,0.12420457902253358,54,6,0.375
Meteorology,18,wind,0.12275957116225539,190,9,0.5625
Meteorology,19,barometer,0.11568722078025767,99,6,0.375
Meteorology,20,shantung,0.11154084477466915,144,4,0.25
Meteorology,21,meteorological_observations,0.11139976201188168,22,5,0.3125
Meteorology,22,thermometer,0.11079947270905847,21,7,0.4375
Meteorology,23,chefoo,0.1102329898322044,41,4,0.25
Meteorology,24,maximum,0.1091108850875893,218,6,0.375
Meteorology,25,sun,0.10650552345260628,188,10,0.625
Numismatics,1,cash,0.22135423950825095,762,12,1.0
Numismatics,2,coins,0.1918429891019463,535,12,1.0
Numismatics,3,reverse,0.1896364569922541,555,8,0.6666666666666666
Numismatics,4,corea,0.1544662219254781,101,2,0.16666666666666666
Numismatics,5,silver,0.14660878747106704,615,12,1.0
Numismatics,6,mint,0.1096804453337888,319,10,0.8333333333333334
Numismatics,7,pao,0.10396764971106758,192,6,0.5
Numismatics,8,coinage,0.09757354961849314,200,11,0.9166666666666666
Numismatics,9,obverse,0.09453658611550127,384,9,0.75
Numismatics,10,copper,0.09429911514113357,365,12,1.0
Numismatics,11,coin,0.09322257923927126,322,12,1.0
Numismatics,12,shanghai,0.08865759199700461,199,7,0.5833333333333334
Numismatics,13,currency,0.08840248292001324,543,11,0.9166666666666666
Numismatics,14,value,0.08752006570504942,315,11,0.9166666666666666
Numismatics,15,king,0.0871316837481687,321,7,0.5833333333333334
Numismatics,16,issued,0.08456446774434882,256,11,0.9166666666666666
Numismatics,17,taels,0.08108420773951214,249,6,0.5
Numismatics,18,rev,0.07922686489078018,173,4,0.3333333333333333
Numismatics,19,annam,0.0777597063616135,317,2,0.16666666666666666
Numismatics,20,pieces,0.07747934022019254,161,10,0.8333333333333334
Numismatics,21,obv,0.0769596642794657,109,2,0.16666666666666666
Numismatics,22,nos,0.0764212352971231,121,7,0.5833333333333334
Numismatics,23,siamese,0.06948376858288044,72,2,0.16666666666666666
Numismatics,24,republic,0.06927360344034177,96,3,0.25
Numismatics,25,tael,0.06916339627794654,308,10,0.8333333333333334
Ethnology,1,tai,0.22257281023421788,174,8,0.26666666666666666
Ethnology,2,buriats,0.1806843694527168,72,2,0.06666666666666667
Ethnology,3,tungus,0.1645505556763413,477,6,0.2
Ethnology,4,miao,0.14913211653297512,141,7,0.23333333333333334
Ethnology,5,lao,0.14161612516801084,107,6,0.2
Ethnology,6,tribes,0.12233032711717733,268,26,0.8666666666666667
Ethnology,7,race,0.11220158970073763,197,22,0.7333333333333333
Ethnology,8,women,0.1035189081324458,259,24,0.8
Ethnology,9,hainan,0.10264599551783586,76,7,0.23333333333333334
Ethnology,10,northern,0.10172218617701265,384,19,0.6333333333333333
Ethnology,11,family,0.09944061595045986,241,26,0.8666666666666667
Ethnology,12,river,0.0977518305713317,523,27,0.9
Ethnology,13,shi,0.0965389906133858,639,10,0.3333333333333333
Ethnology,14,goldi,0.09596693148156424,320,4,0.13333333333333333
Ethnology,15,egypt,0.09427646142893352,65,7,0.23333333333333334
Ethnology,16,migration,0.091147176721956,113,13,0.43333333333333335
Ethnology,17,exogamy,0.08476691502738613,100,4,0.13333333333333333
Ethnology,18,culture,0.08328752667348442,90,15,0.5
Ethnology,19,kiang,0.08226999613084762,60,8,0.26666666666666666
Ethnology,20,century,0.08172740474270676,401,19,0.6333333333333333
Ethnology,21,fish,0.08146074697722526,204,15,0.5
Ethnology,22,village,0.08083838325162383,116,17,0.5666666666666667
Ethnology,23,russian,0.08069206125215425,309,9,0.3
Ethnology,24,america,0.07955165172642663,116,10,0.3333333333333333
Ethnology,25,son,0.07937028844406843,315,18,0.6
Anthropology,1,tai,0.22257281023421788,174,8,0.26666666666666666
Anthropology,2,buriats,0.1806843694527168,72,2,0.06666666666666667
Anthropology,3,tungus,0.1645505556763413,477,6,0.2
Anthropology,4,miao,0.14913211653297512,141,7,0.23333333333333334
Anthropology,5,lao,0.14161612516801084,107,6,0.2
Anthropology,6,tribes,0.12233032711717733,268,26,0.8666666666666667
Anthropology,7,race,0.11220158970073763,197,22,0.7333333333333333
Anthropology,8,women,0.1035189081324458,259,24,0.8
Anthropology,9,hainan,0.10264599551783586,76,7,0.23333333333333334
Anthropology,10,northern,0.10172218617701265,384,19,0.6333333333333333
Anthropology,11,family,0.09944061595045986,241,26,0.8666666666666667
Anthropology,12,river,0.0977518305713317,523,27,0.9
Anthropology,13,shi,0.0965389906133858,639,10,0.3333333333333333
Anthropology,14,goldi,0.09596693148156424,320,4,0.13333333333333333
Anthropology,15,egypt,0.09427646142893352,65,7,0.23333333333333334
Anthropology,16,migration,0.091147176721956,113,13,0.43333333333333335
Anthropology,17,exogamy,0.08476691502738613,100,4,0.13333333333333333
Anthropology,18,culture,0.08328752667348442,90,15,0.5
Anthropology,19,kiang,0.08226999613084762,60,8,0.26666666666666666
Anthropology,20,century,0.08172740474270676,401,19,0.6333333333333333
Anthropology,21,fish,0.08146074697722526,204,15,0.5
Anthropology,22,village,0.08083838325162383,116,17,0.5666666666666667
Anthropology,23,russian,0.08069206125215425,309,9,0.3
Anthropology,24,america,0.07955165172642663,116,10,0.3333333333333333
Anthropology,25,son,0.07937028844406843,315,18,0.6
Buddhism,1,lake,0.1585303546833008,68,2,0.2
Buddhism,2,buddha,0.1015541543283287,129,9,0.9
Buddhism,3,buddhist,0.09444756320088907,124,9,0.9
Buddhism,4,amida,0.06463192399990444,33,1,0.1
Buddhism,5,body,0.06382738263466166,72,6,0.6
Buddhism,6,tsang,0.05956860247429881,32,2,0.2
Buddhism,7,ching,0.05491874298961269,48,1,0.1
Buddhism,8,river,0.053314094954555497,30,4,0.4
Buddhism,9,hua_ching,0.05034218107381164,44,1,0.1
Buddhism,10,hua,0.04933412646812501,51,2,0.2
Buddhism,11,india,0.04804542390989304,41,5,0.5
Buddhism,12,nirvana,0.046660200011876124,47,5,0.5
Buddhism,13,nature,0.04607045857951464,52,5,0.5
Buddhism,14,sanskrit,0.04495863094729468,50,8,0.8
Buddhism,15,doctrine,0.04416495462907773,46,9,0.9
Buddhism,16,sutra,0.04402452554669066,45,7,0.7
Buddhism,17,non,0.04387513307870582,37,2,0.2
Buddhism,18,evil,0.043447135923206454,17,5,0.5
Buddhism,19,thou,0.0432505270817804,24,2,0.2
Buddhism,20,king,0.04275137753020131,43,8,0.8
Buddhism,21,beings,0.041200241119033844,39,8,0.8
Buddhism,22,permanent,0.04093965564024177,36,3,0.3
Buddhism,23,law,0.04084179424763203,52,8,0.8
Buddhism,24,pure,0.0402264248344456,26,6,0.6
Buddhism,25,hoang,0.04007034210723593,14,1,0.1
Travel,1,var,0.685539097497654,60,2,0.03278688524590164
Travel,2,une,0.38177961383000986,771,7,0.11475409836065574
Travel,3,river,0.3555454492232092,1185,55,0.9016393442622951
Travel,4,city,0.2915855067387121,989,49,0.8032786885245902
Travel,5,miles,0.2450959204727044,738,51,0.8360655737704918
Travel,6,feet,0.24056477881160412,728,51,0.8360655737704918
Travel,7,temple,0.2361985785192965,789,42,0.6885245901639344
Travel,8,yedo,0.2102309979144945,107,4,0.06557377049180328
Travel,9,road,0.1914574401376758,467,46,0.7540983606557377
Travel,10,plus,0.18982682407434184,394,8,0.13114754098360656
Travel,11,journey,0.18954448774739402,526,40,0.6557377049180327
Travel,12,tch,0.1895388017748577,335,4,0.06557377049180328
Travel,13,shan,0.1805118404154502,493,36,0.5901639344262295
Travel,14,hills,0.17894101017327033,466,48,0.7868852459016393
Travel,15,heaven,0.17191863565378843,301,22,0.36065573770491804
Travel,16,island,0.1665008731598855,313,30,0.4918032786885246
Travel,17,chow,0.1646871495147997,314,21,0.3442622950819672
Travel,18,japanese,0.161243986633464,236,18,0.29508196721311475
Travel,19,mountain,0.15845900100676844,440,49,0.8032786885245902
Travel,20,village,0.1545435751903599,438,43,0.7049180327868853
Travel,21,district,0.1485202275565584,421,40,0.6557377049180327
Travel,22,land,0.1445135356859797,326,48,0.7868852459016393
Travel,23,savages,0.14295422557026827,99,10,0.16393442622950818
Travel,24,coast,0.1387059972429519,165,28,0.45901639344262296
Travel,25,sea,0.13429347094652672,280,46,0.7540983606557377
Geography,1,lake,0.16891870594643402,151,8,0.27586206896551724
Geography,2,macao,0.15907370136946788,15,4,0.13793103448275862
Geography,3,giles,0.15699812111984865,53,4,0.13793103448275862
Geography,4,river,0.154202935369024,432,23,0.7931034482758621
Geography,5,islands,0.14964373744544093,43,10,0.3448275862068966
Geography,6,portuguese,0.14422801595012907,14,5,0.1724137931034483
Geography,7,ship,0.1339742638033537,22,7,0.2413793103448276
Geography,8,les,0.12128189395339585,105,9,0.3103448275862069
Geography,9,emperor,0.1161588679557774,400,19,0.6551724137931034
Geography,10,map,0.1129999144881063,275,12,0.41379310344827586
Geography,11,genghis,0.11142909130694544,31,2,0.06896551724137931
Geography,12,esp,0.1097813080521781,103,1,0.034482758620689655
Geography,13,charts,0.1017792571535993,15,4,0.13793103448275862
Geography,14,god,0.10148921564167016,108,11,0.3793103448275862
Geography,15,une,0.09925452792839227,99,5,0.1724137931034483
Geography,16,tibet,0.09297357286630321,146,6,0.20689655172413793
Geography,17,que,0.09263627364060283,52,5,0.1724137931034483
Geography,18,canton,0.09227598469341498,51,10,0.3448275862068966
Geography,19,plus,0.0910974144906965,110,7,0.2413793103448276
Geography,20,tibetan,0.08863578070805235,102,6,0.20689655172413793
Geography,21,trade,0.08813738296786518,127,14,0.4827586206896552
Geography,22,captain,0.087400428766859,20,6,0.20689655172413793
Geography,23,city,0.08636503159908127,561,21,0.7241379310344828
Geography,24,shi,0.08433289840780644,690,6,0.20689655172413793
Geography,25,tribes,0.08429102799798915,162,11,0.3793103448275862
Philosophy,1,destiny,0.19051742271225436,233,3,0.2
Philosophy,2,love,0.1488577455411822,130,10,0.6666666666666666
Philosophy,3,tsi,0.13933694934910212,126,4,0.26666666666666666
Philosophy,4,meh,0.11244419998147054,38,4,0.26666666666666666
Philosophy,5,wang,0.10433549485733916,130,11,0.7333333333333333
Philosophy,6,hsiung,0.10358977663143178,11,1,0.06666666666666667
Philosophy,7,yang,0.09902589637813057,157,12,0.8
Philosophy,8,mencius,0.0912430263273218,204,13,0.8666666666666667
Philosophy,9,heaven,0.08669889112218494,213,12,0.8
Philosophy,10,tse,0.08371019922543774,231,6,0.4
Philosophy,11,soul,0.08194191541302841,112,6,0.4
Philosophy,12,confucius,0.07769305641907177,134,13,0.8666666666666667
Philosophy,13,doctrine,0.07732562466684842,130,14,0.9333333333333333
Philosophy,14,nature,0.07722040608190006,310,15,1.0
Philosophy,15,things,0.07578303331100217,236,12,0.8
Philosophy,16,wang_chung,0.0737590788426308,56,1,0.06666666666666667
Philosophy,17,hsi,0.07155014548913675,140,7,0.4666666666666667
Philosophy,18,fate,0.06987294139235678,126,8,0.5333333333333333
Philosophy,19,yang_ming,0.06767175152267922,87,2,0.13333333333333333
Philosophy,20,tao,0.06472520699982008,89,7,0.4666666666666667
Philosophy,21,death,0.06437070918770654,145,12,0.8
Philosophy,22,mind,0.0639060157043003,171,11,0.7333333333333333
Philosophy,23,spirit,0.06338656787627663,117,9,0.6
Philosophy,24,principle,0.06327048028224544,145,15,1.0
Philosophy,25,sung,0.060808279801611125,102,12,0.8
Language and languages,1,library,0.3328209693414033,196,10,0.22727272727272727
Language and languages,2,manchu,0.19978197834844444,293,9,0.20454545454545456
Language and languages,3,words,0.19459303632579172,311,31,0.7045454545454546
Language and languages,4,language,0.18461891672271055,320,31,0.7045454545454546
Language and languages,5,tsi,0.17213375394800987,46,5,0.11363636363636363
Language and languages,6,works,0.166096484840919,189,25,0.5681818181818182
Language and languages,7,posterior,0.1640314500767398,73,3,0.06818181818181818
Language and languages,8,collection,0.16064231092066997,98,25,0.5681818181818182
Language and languages,9,vols,0.1563703410823988,132,3,0.06818181818181818
Language and languages,10,books,0.1534580399687569,162,25,0.5681818181818182
Language and languages,11,chow,0.15202862653355742,198,11,0.25
Language and languages,12,emperor,0.14742354433981955,267,29,0.6590909090909091
Language and languages,13,languages,0.14514250849477517,164,20,0.45454545454545453
Language and languages,14,han,0.14500972097742476,244,25,0.5681818181818182
Language and languages,15,hairs,0.14444416046098088,58,2,0.045454545454545456
Language and languages,16,word,0.14281052180512668,208,31,0.7045454545454546
Language and languages,17,ventral,0.1425084306236587,58,2,0.045454545454545456
Language and languages,18,hainan,0.1410361338052819,66,2,0.045454545454545456
Language and languages,19,anterior,0.13771942212277122,75,6,0.13636363636363635
Language and languages,20,kuan,0.13001958185035886,61,9,0.20454545454545456
Language and languages,21,dorsal,0.12709034246938755,52,2,0.045454545454545456
Language and languages,22,wei,0.125513759646267,163,16,0.36363636363636365
Language and languages,23,catalogue,0.1253122363932789,67,9,0.20454545454545456
Language and languages,24,characters,0.1243478315864503,380,28,0.6363636363636364
Language and languages,25,shall,0.1241156002113059,316,27,0.6136363636363636
Music,1,music,0.15157644952097543,446,9,1.0
Music,2,notation,0.07489274486845832,27,4,0.4444444444444444
Music,3,inches,0.06329391761660208,422,3,0.3333333333333333
Music,4,instruments,0.060673917659496125,386,8,0.8888888888888888
Music,5,musical,0.05901672514123287,245,8,0.8888888888888888
Music,6,lyrics,0.05801749236539106,43,1,0.1111111111111111
Music,7,instrument,0.0503107214560126,256,7,0.7777777777777778
Music,8,plato,0.04997258283595696,46,1,0.1111111111111111
Music,9,art,0.043226618933178126,88,6,0.6666666666666666
Music,10,husband,0.03815413889896507,34,2,0.2222222222222222
Music,11,written,0.036973664994036474,41,6,0.6666666666666666
Music,12,words,0.035058865146687275,39,8,0.8888888888888888
Music,13,beats,0.034983966893347256,9,3,0.3333333333333333
Music,14,rites,0.03463333347585478,91,5,0.5555555555555556
Music,15,writing,0.033969381102377474,19,6,0.6666666666666666
Music,16,finger,0.03289866044336981,76,5,0.5555555555555556
Music,17,beauty,0.03258085666629898,49,4,0.4444444444444444
Music,18,moral,0.031913789560975014,42,3,0.3333333333333333
Music,19,drum,0.031640830444028385,162,5,0.5555555555555556
Music,20,strings,0.031070560769873114,155,5,0.5555555555555556
Music,21,occurrence,0.030088716413544832,6,2,0.2222222222222222
Music,22,lok,0.030088716413544832,6,2,0.2222222222222222
Music,23,modern,0.029149535240533677,125,7,0.7777777777777778
Music,24,holes,0.02870554951469474,178,3,0.3333333333333333
Music,25,chinese_musical,0.027329460285156967,163,5,0.5555555555555556
Education,1,music,0.0684508283156498,97,2,0.4
Education,2,hall,0.05286756039361066,23,1,0.2
Education,3,scholars,0.051490830657082494,51,3,0.6
Education,4,chih,0.0406745344365762,42,1,0.2
Education,5,plato,0.04018991060729936,46,1,0.2
Education,6,college,0.03970609314046724,41,1,0.2
Education,7,rooms,0.034478843734963474,15,1,0.2
Education,8,essays,0.03223117981585081,18,2,0.4
Education,9,japanese,0.03184057752416035,32,3,0.6
Education,10,officers,0.03173263281203077,24,3,0.6
Education,11,japan,0.03066790011614793,31,3,0.6
Education,12,science,0.02939658235147664,31,3,0.6
Education,13,language,0.02898985781942,39,3,0.6
Education,14,art,0.028838627339416143,57,4,0.8
Education,15,study,0.028290551000477133,37,4,0.8
Education,16,beauty,0.027935439175915153,38,2,0.4
Education,17,examination,0.027483474844706708,29,5,1.0
Education,18,sciences,0.02719934513356993,35,4,0.8
Education,19,cells,0.02528448540563988,11,1,0.2
Education,20,prince,0.02490603577678355,32,4,0.8
Education,21,dutch,0.024530201464251954,20,2,0.4
Education,22,physics,0.024530201464251954,20,2,0.4
Education,23,class,0.024530201464251954,20,2,0.4
Education,24,natural,0.02369323258716529,25,3,0.6
Education,25,imperial,0.022614857331442525,29,5,1.0
Unknown,1,styan,0.6134545043643422,250,2,0.05555555555555555
Unknown,2,chinkiang,0.5900412020744439,239,4,0.1111111111111111
Unknown,3,genus,0.5624120974044408,210,3,0.08333333333333333
Unknown,4,winter,0.43116240825548346,199,10,0.2777777777777778
Unknown,5,dip,0.3945166190929018,26,2,0.05555555555555555
Unknown,6,kiangyin,0.3307303582201873,126,2,0.05555555555555555
Unknown,7,resident,0.24818405891374257,107,5,0.1388888888888889
Unknown,8,observations,0.22422725164175342,32,9,0.25
Unknown,9,magnetic,0.2122359863427592,17,3,0.08333333333333333
Unknown,10,rock,0.21012475785426377,34,6,0.16666666666666666
Unknown,11,eagle,0.19437578915016412,10,2,0.05555555555555555
Unknown,12,tombs,0.17540396098846617,32,3,0.08333333333333333
Unknown,13,emperor,0.16465180664812568,240,17,0.4722222222222222
Unknown,14,shanghai,0.15634430657579382,147,17,0.4722222222222222
Unknown,15,white,0.15352397088409056,127,13,0.3611111111111111
Unknown,16,hodgs,0.14989598834318413,11,2,0.05555555555555555
Unknown,17,pao,0.14654775611950943,140,3,0.08333333333333333
Unknown,18,hsien,0.14143028372490668,35,8,0.2222222222222222
Unknown,19,chow,0.13804851318682573,42,8,0.2222222222222222
Unknown,20,hill,0.13590624877382715,47,7,0.19444444444444445
Unknown,21,fut,0.133227656716123,190,2,0.05555555555555555
Unknown,22,edicts,0.13213730187396028,6,2,0.05555555555555555
Unknown,23,wine,0.13145363183528996,51,9,0.25
Unknown,24,home,0.13011826132404733,65,17,0.4722222222222222
Unknown,25,volumes,0.1296313610660988,15,6,0.16666666666666666
Zoology,1,soochow,0.4026584727739335,134,3,0.1111111111111111
Zoology,2,species,0.33660524139266956,766,26,0.9629629629629629
Zoology,3,birds,0.280725003848635,557,17,0.6296296296296297
Zoology,4,genus,0.23973827760153812,356,17,0.6296296296296297
Zoology,5,specimens,0.21044690916031367,206,21,0.7777777777777778
Zoology,6,fokien,0.20491155680832668,55,3,0.1111111111111111
Zoology,7,orn,0.18139316033281483,246,2,0.07407407407407407
Zoology,8,museum,0.1803762745431149,146,14,0.5185185185185185
Zoology,9,bird,0.1667730455982118,240,15,0.5555555555555556
Zoology,10,brown,0.16523679527720342,201,19,0.7037037037037037
Zoology,11,black,0.16035206579020747,248,21,0.7777777777777778
Zoology,12,tail,0.15988706266032932,185,18,0.6666666666666666
Zoology,13,family,0.15521836217718335,218,17,0.6296296296296297
Zoology,14,chambers,0.1506840230737304,21,2,0.07407407407407407
Zoology,15,length,0.14904529585629636,172,18,0.6666666666666666
Zoology,16,white,0.14775735315996316,273,22,0.8148148148148148
Zoology,17,tenths,0.1436348829960008,35,2,0.07407407407407407
Zoology,18,shanghai,0.13602309095174162,133,19,0.7037037037037037
Zoology,19,nimrod,0.12749450103757162,35,1,0.037037037037037035
Zoology,20,collection,0.1244239899532176,137,15,0.5555555555555556
Zoology,21,forms,0.12216888280403805,138,15,0.5555555555555556
Zoology,22,insects,0.11847510923452068,97,14,0.5185185185185185
Zoology,23,formosa,0.11674215486330967,112,10,0.37037037037037035
Zoology,24,dove,0.11498137584544554,132,7,0.25925925925925924
Zoology,25,fish,0.11490444991491822,217,12,0.4444444444444444
Hydrology,1,river,0.29672253924530123,699,12,1.0
Hydrology,2,canal,0.1695503563459803,185,6,0.5
Hydrology,3,feet,0.14998814263753382,400,9,0.75
Hydrology,4,bank,0.1358781757491246,307,11,0.9166666666666666
Hydrology,5,island,0.12180375144282235,276,9,0.75
Hydrology,6,miles,0.12132147489308423,271,10,0.8333333333333334
Hydrology,7,lake,0.11914508675829179,104,9,0.75
Hydrology,8,yellow_river,0.10412628698563063,130,6,0.5
Hydrology,9,yellow,0.10366417358091845,142,7,0.5833333333333334
Hydrology,10,bore,0.10260342983715644,273,2,0.16666666666666666
Hydrology,11,channel,0.09998063353290707,206,10,0.8333333333333334
Hydrology,12,iang,0.09799514537294529,36,1,0.08333333333333333
Hydrology,13,dam,0.09399887639278807,77,3,0.25
Hydrology,14,chiang,0.0689585490304589,41,4,0.3333333333333333
Hydrology,15,grand_canal,0.06662016733773704,70,5,0.4166666666666667
Hydrology,16,level,0.06471819430509923,168,9,0.75
Hydrology,17,yangtze,0.06355541394539228,71,4,0.3333333333333333
Hydrology,18,chow,0.06255034141335447,98,9,0.75
Hydrology,19,grand,0.0619986381759693,72,6,0.5
Hydrology,20,left_bank,0.06117585165356503,113,8,0.6666666666666666
Hydrology,21,yong,0.05716383480088476,21,1,0.08333333333333333
Hydrology,22,sea,0.05457134193803483,157,11,0.9166666666666666
Hydrology,23,plain,0.051586422445546606,68,7,0.5833333333333334
Hydrology,24,distance,0.051447264849267156,101,9,0.75
Hydrology,25,hainan,0.049561303148829,36,1,0.08333333333333333
Law,1,law,0.17352829143165627,669,9,1.0
Law,2,family,0.11415717225498415,376,9,1.0
Law,3,pao,0.08382612011745748,130,3,0.3333333333333333
Law,4,marriage,0.07809940142423849,247,6,0.6666666666666666
Law,5,wife,0.07052429991782859,240,6,0.6666666666666666
Law,6,father,0.0639585645417286,180,8,0.8888888888888888
Law,7,husband,0.05853391934210879,197,6,0.6666666666666666
Law,8,tai,0.056687269669579744,77,2,0.2222222222222222
Law,9,partners,0.05358667141605742,23,1,0.1111111111111111
Law,10,son,0.050031674721493405,147,8,0.8888888888888888
Law,11,code,0.05000884724260046,168,8,0.8888888888888888
Law,12,chinese_law,0.04737690213428384,157,7,0.7777777777777778
Law,13,property,0.04601021286828151,104,9,1.0
Law,14,debts,0.043861103379629264,28,3,0.3333333333333333
Law,15,witchcraft,0.04231714918139378,79,2,0.2222222222222222
Law,16,family_property,0.036408582000407246,21,2,0.2222222222222222
Law,17,death,0.03547434427106672,134,9,1.0
Law,18,principles,0.03483531317306864,67,3,0.3333333333333333
Law,19,laws,0.03368347189151526,129,8,0.8888888888888888
Law,20,roman,0.03360381182362509,86,5,0.5555555555555556
Law,21,share,0.032781127872744356,28,5,0.5555555555555556
Law,22,exile,0.03117100670155697,17,2,0.2222222222222222
Law,23,legal,0.03044691562872819,74,7,0.7777777777777778
Law,24,punishment,0.030131334057990178,89,8,0.8888888888888888
Law,25,banishment,0.029826925882478993,28,5,0.5555555555555556
Agriculture,1,salt,0.15661650511118472,114,8,0.5333333333333333
Agriculture,2,river,0.12502667368396037,195,10,0.6666666666666666
Agriculture,3,min,0.1189191388311819,151,6,0.4
Agriculture,4,dam,0.11150779981701059,74,2,0.13333333333333333
Agriculture,5,une,0.09928344572852775,60,1,0.06666666666666667
Agriculture,6,plus,0.09928344572852775,60,1,0.06666666666666667
Agriculture,7,millet,0.09921467012162014,19,4,0.26666666666666666
Agriculture,8,seals,0.09486242545054542,54,2,0.13333333333333333
Agriculture,9,shuh,0.09266837972647653,26,1,0.06666666666666667
Agriculture,10,lui,0.09071643070540616,43,3,0.2
Agriculture,11,cotton,0.09062422310333015,59,6,0.4
Agriculture,12,chemical,0.08593404251053391,52,3,0.2
Agriculture,13,shan,0.08416245996627392,127,9,0.6
Agriculture,14,feet,0.07846571829686469,116,9,0.6
Agriculture,15,sea,0.07436783514081113,79,8,0.5333333333333333
Agriculture,16,sealing,0.07079012199669056,41,2,0.13333333333333333
Agriculture,17,whale,0.06993911586138638,40,2,0.13333333333333333
Agriculture,18,hsien,0.06971067538251895,77,4,0.26666666666666666
Agriculture,19,miles,0.06854480682211586,106,9,0.6
Agriculture,20,oil,0.06659479958920107,57,6,0.4
Agriculture,21,coal,0.064685372378718,87,5,0.3333333333333333
Agriculture,22,carte,0.06453423972354304,39,1,0.06666666666666667
Agriculture,23,works,0.06326778595630124,57,8,0.5333333333333333
Agriculture,24,plain,0.061249458087937504,82,9,0.6
Agriculture,25,city,0.06011369150191594,88,8,0.5333333333333333
Industries,1,salt,0.15020033926260276,114,8,0.5714285714285714
Industries,2,dam,0.1088164714996994,74,2,0.14285714285714285
Industries,3,min,0.09813785726595103,139,5,0.35714285714285715
Industries,4,une,0.09720267664295319,60,1,0.07142857142857142
Industries,5,plus,0.09720267664295319,60,1,0.07142857142857142
Industries,6,millet,0.09625455839211178,19,4,0.2857142857142857
Industries,7,seals,0.09257284631542805,54,2,0.14285714285714285
Industries,8,river,0.09041131636555906,172,9,0.6428571428571429
Industries,9,cotton,0.08742237170802197,59,6,0.42857142857142855
Industries,10,chemical,0.08360991347206932,52,3,0.21428571428571427
Industries,11,feet,0.07502078706123551,116,9,0.6428571428571429
Industries,12,sea,0.07132118074302143,79,8,0.5714285714285714
Industries,13,shan,0.0707618842066798,118,8,0.5714285714285714
Industries,14,sealing,0.0690815468097686,41,2,0.14285714285714285
Industries,15,miles,0.06869965504723896,105,8,0.5714285714285714
Industries,16,whale,0.0682510803758477,40,2,0.14285714285714285
Industries,17,oil,0.06424193360389126,57,6,0.42857142857142855
Industries,18,carte,0.06318173981791957,39,1,0.07142857142857142
Industries,19,coal,0.06257782158088515,87,5,0.35714285714285715
Industries,20,tung,0.05609266215546144,70,7,0.5
Industries,21,catties,0.055388480403409636,50,8,0.5714285714285714
Industries,22,kwangtung,0.05466807751371121,29,2,0.14285714285714285
Industries,23,jars,0.05396390525921962,13,3,0.21428571428571427
Industries,24,lat,0.053937218787288584,59,2,0.14285714285714285
Industries,25,industry,0.0537481617993229,51,6,0.42857142857142855
Commerce,1,salt,0.15020033926260276,114,8,0.5714285714285714
Commerce,2,dam,0.1088164714996994,74,2,0.14285714285714285
Commerce,3,min,0.09813785726595103,139,5,0.35714285714285715
Commerce,4,une,0.09720267664295319,60,1,0.07142857142857142
Commerce,5,plus,0.09720267664295319,60,1,0.07142857142857142
Commerce,6,millet,0.09625455839211178,19,4,0.2857142857142857
Commerce,7,seals,0.09257284631542805,54,2,0.14285714285714285
Commerce,8,river,0.09041131636555906,172,9,0.6428571428571429
Commerce,9,cotton,0.08742237170802197,59,6,0.42857142857142855
Commerce,10,chemical,0.08360991347206932,52,3,0.21428571428571427
Commerce,11,feet,0.07502078706123551,116,9,0.6428571428571429
Commerce,12,sea,0.07132118074302143,79,8,0.5714285714285714
Commerce,13,shan,0.0707618842066798,118,8,0.5714285714285714
Commerce,14,sealing,0.0690815468097686,41,2,0.14285714285714285
Commerce,15,miles,0.06869965504723896,105,8,0.5714285714285714
Commerce,16,whale,0.0682510803758477,40,2,0.14285714285714285
Commerce,17,oil,0.06424193360389126,57,6,0.42857142857142855
Commerce,18,carte,0.06318173981791957,39,1,0.07142857142857142
Commerce,19,coal,0.06257782158088515,87,5,0.35714285714285715
Commerce,20,tung,0.05609266215546144,70,7,0.5
Commerce,21,catties,0.055388480403409636,50,8,0.5714285714285714
Commerce,22,kwangtung,0.05466807751371121,29,2,0.14285714285714285
Commerce,23,jars,0.05396390525921962,13,3,0.21428571428571427
Commerce,24,lat,0.053937218787288584,59,2,0.14285714285714285
Commerce,25,industry,0.0537481617993229,51,6,0.42857142857142855
Mythology,1,dragon,0.11192576036640886,163,5,0.5
Mythology,2,dove,0.10785805275797401,104,1,0.1
Mythology,3,fox,0.09421497663144449,119,2,0.2
Mythology,4,worship,0.09035027354073169,40,6,0.6
Mythology,5,bishop,0.07179798818540986,67,1,0.1
Mythology,6,shanghai,0.06624024204173026,99,3,0.3
Mythology,7,characters,0.06488521504140181,58,4,0.4
Mythology,8,shrine,0.06483229262240975,6,2,0.2
Mythology,9,chiu,0.06420565283334476,73,2,0.2
Mythology,10,japan,0.05910941069078482,36,3,0.3
Mythology,11,portuguese,0.05167257580740234,57,2,0.2
Mythology,12,heaven,0.04929145729502235,42,6,0.6
Mythology,13,father,0.04443307236567709,75,6,0.6
Mythology,14,doves,0.043558059767643355,42,1,0.1
Mythology,15,bird,0.042520963106508984,41,1,0.1
Mythology,16,church,0.041943685819134144,53,3,0.3
Mythology,17,honoured,0.04158819948613304,17,2,0.2
Mythology,18,eminences,0.0399766908500543,44,2,0.2
Mythology,19,emperor,0.03983993091686515,67,8,0.8
Mythology,20,religion,0.0396123596729116,21,4,0.4
Mythology,21,spirits,0.039587471356036956,84,5,0.5
Mythology,22,christians,0.03941501624958145,44,2,0.2
Mythology,23,tauist,0.03889571371581806,13,1,0.1
Mythology,24,rain,0.038161425715175286,51,4,0.4
Mythology,25,japanese,0.038003675457703875,33,5,0.5
"History, Modern (20th century)",1,government,0.08053444124014908,264,13,1.0
"History, Modern (20th century)",2,foreign,0.07896789328319898,243,12,0.9230769230769231
"History, Modern (20th century)",3,garnier,0.07411736993748708,224,3,0.23076923076923078
"History, Modern (20th century)",4,events,0.06783591520233673,199,12,0.9230769230769231
"History, Modern (20th century)",5,tong,0.06406171226486355,334,4,0.3076923076923077
"History, Modern (20th century)",6,japan,0.060882992358179434,124,8,0.6153846153846154
"History, Modern (20th century)",7,shanghai,0.06058939737702015,207,13,1.0
"History, Modern (20th century)",8,retrospect,0.05948347238085386,104,9,0.6923076923076923
"History, Modern (20th century)",9,tong_king,0.052594738558897305,272,4,0.3076923076923077
"History, Modern (20th century)",10,expedition,0.051316217909397534,125,10,0.7692307692307693
"History, Modern (20th century)",11,king,0.05028470859859564,408,12,0.9230769230769231
"History, Modern (20th century)",12,retrospect_events,0.04894591004407878,91,9,0.6923076923076923
"History, Modern (20th century)",13,les,0.048060073687188815,254,3,0.23076923076923078
"History, Modern (20th century)",14,foreigners,0.046769311598500035,150,13,1.0
"History, Modern (20th century)",15,peking,0.046125603356922784,166,13,1.0
"History, Modern (20th century)",16,events_china,0.04605015198350408,71,7,0.5384615384615384
"History, Modern (20th century)",17,retrospect_events_china,0.04605015198350408,71,7,0.5384615384615384
"History, Modern (20th century)",18,china_japan,0.04324145568122861,70,7,0.5384615384615384
"History, Modern (20th century)",19,river,0.04262020130566575,205,13,1.0
"History, Modern (20th century)",20,events_china_japan,0.04081308366908028,55,6,0.46153846153846156
"History, Modern (20th century)",21,canton,0.03916280208938061,111,9,0.6923076923076923
"History, Modern (20th century)",22,french,0.03802588102038409,162,13,1.0
"History, Modern (20th century)",23,kiang,0.0357776212071763,103,9,0.6923076923076923
"History, Modern (20th century)",24,arrived,0.03433762091436241,128,13,1.0
"History, Modern (20th century)",25,city,0.03237539762506287,185,13,1.0
Confucianism,1,confucius,0.048642945532795655,128,3,1.0
Confucianism,2,altar,0.027624775734724626,123,2,0.6666666666666666
Confucianism,3,heaven,0.025689446206535228,113,3,1.0
Confucianism,4,temple,0.02297949388752651,84,3,1.0
Confucianism,5,sage,0.02281530365368105,54,3,1.0
Confucianism,6,tsi,0.018564836995497234,38,2,0.6666666666666666
Confucianism,7,emperor,0.01559533716105153,88,3,1.0
Confucianism,8,hall,0.015406931434072242,51,3,1.0
Confucianism,9,court,0.014406478601964522,81,3,1.0
Confucianism,10,terrace,0.013966657129203211,59,2,0.6666666666666666
Confucianism,11,worship,0.013056845804577593,70,3,1.0
Confucianism,12,spirits,0.012662141040618555,63,3,1.0
Confucianism,13,stone,0.011898003728061749,23,2,0.6666666666666666
Confucianism,14,pillars,0.011519190476141505,19,2,0.6666666666666666
Confucianism,15,sacrifice,0.01145030853882921,59,3,1.0
Confucianism,16,imperial,0.011126233600749954,56,3,1.0
Confucianism,17,marble,0.011108538897269711,30,2,0.6666666666666666
Confucianism,18,city,0.011066491651313813,33,3,1.0
Confucianism,19,feet,0.01091135121428992,46,3,1.0
Confucianism,20,sacrificial,0.010870275101826372,44,2,0.6666666666666666
Confucianism,21,offerings,0.010851565904237345,48,3,1.0
Confucianism,22,music,0.010747584067169304,44,3,1.0
Confucianism,23,prayer,0.010681667836982588,47,2,0.6666666666666666
Confucianism,24,chu,0.010500426786418562,17,2,0.6666666666666666
Confucianism,25,spirit,0.010055237663995322,32,3,1.0
Literature,1,characters,0.13096982076347147,307,14,0.7368421052631579
Literature,2,kite,0.1305577310401304,13,3,0.15789473684210525
Literature,3,yuan,0.12419815961154593,161,5,0.2631578947368421
Literature,4,hainan,0.11019230584226353,66,2,0.10526315789473684
Literature,5,language,0.10817819165329626,187,10,0.5263157894736842
Literature,6,tablet,0.09292475002060463,20,5,0.2631578947368421
Literature,7,corean,0.09272366659672926,58,2,0.10526315789473684
Literature,8,emperor,0.09200808839046552,141,16,0.8421052631578947
Literature,9,religion,0.08537281385267513,85,5,0.2631578947368421
Literature,10,minister,0.08515345389377924,42,10,0.5263157894736842
Literature,11,king,0.08024907198330357,181,12,0.631578947368421
Literature,12,master,0.07889488241008451,25,8,0.42105263157894735
Literature,13,han,0.07809688891239061,108,11,0.5789473684210527
Literature,14,heaven,0.07358334879563158,125,12,0.631578947368421
Literature,15,lyrics,0.0734287275071065,43,1,0.05263157894736842
Literature,16,chow,0.07303860692935682,162,9,0.47368421052631576
Literature,17,word,0.07206177769827335,102,13,0.6842105263157895
Literature,18,mei,0.0694772144095047,56,5,0.2631578947368421
Literature,19,chih,0.06802669400656483,70,4,0.21052631578947367
Literature,20,young,0.06653383039553172,34,9,0.47368421052631576
Literature,21,words,0.06507892517937124,100,11,0.5789473684210527
Literature,22,wang,0.06476190767046919,112,13,0.6842105263157895
Literature,23,sanscrit,0.0646944346545181,78,5,0.2631578947368421
Literature,24,excellency,0.06444068474134723,8,1,0.05263157894736842
Literature,25,china_branch,0.06444068474134723,8,1,0.05263157894736842
History,1,city,0.22480810677737625,788,23,0.6388888888888888
History,2,emperor,0.19913543570649692,553,30,0.8333333333333334
History,3,king,0.16638015006550486,435,30,0.8333333333333334
History,4,tai,0.15645693242230752,193,18,0.5
History,5,shanghai,0.14331811064482097,176,15,0.4166666666666667
History,6,changchow,0.13896594684064292,26,1,0.027777777777777776
History,7,parker,0.12583015590629096,18,7,0.19444444444444445
History,8,lao,0.12325722788277994,107,10,0.2777777777777778
History,9,corean,0.12115028900982476,62,3,0.08333333333333333
History,10,portuguese,0.12093836108268646,183,7,0.19444444444444445
History,11,yuan,0.1185818516831477,498,13,0.3611111111111111
History,12,migration,0.11568801948504798,58,2,0.05555555555555555
History,13,taels,0.11169902091789001,106,3,0.08333333333333333
History,14,river,0.10724595330138702,480,28,0.7777777777777778
History,15,peking,0.10612329011922486,180,23,0.6388888888888888
History,16,tsi,0.10182778521864008,48,10,0.2777777777777778
History,17,han,0.10101424006328248,294,21,0.5833333333333334
History,18,heaven,0.09894773047941646,140,19,0.5277777777777778
History,19,sent,0.0987991036426639,347,29,0.8055555555555556
History,20,settlement,0.09572894301487447,102,8,0.2222222222222222
History,21,shang,0.09463849306322562,131,17,0.4722222222222222
History,22,mongol,0.09463578971523794,393,9,0.25
History,23,empire,0.09401982660815097,255,26,0.7222222222222222
History,24,written,0.09359223697296823,214,24,0.6666666666666666
History,25,characters,0.09351517531753803,365,25,0.6944444444444444
Architecture,1,pagodas,0.055880929466470206,78,2,0.4
Architecture,2,tent,0.047437371047833174,16,3,0.6
Architecture,3,hall,0.046766057131825425,57,3,0.6
Architecture,4,ling,0.04668956078922957,120,3,0.6
Architecture,5,architecture,0.043174988466367435,92,4,0.8
Architecture,6,essays,0.039076022899625265,17,1,0.2
Architecture,7,roof,0.037210667815611595,67,5,1.0
Architecture,8,examination,0.035610601874124806,20,2,0.4
Architecture,9,pagoda,0.034410998971869805,59,3,0.6
Architecture,10,feet,0.03375154718138808,86,4,0.8
Architecture,11,tents,0.032924493032907565,10,2,0.4
Architecture,12,rooms,0.030820013528910235,23,2,0.4
Architecture,13,stages,0.030636675746979706,32,1,0.2
Architecture,14,emperor,0.030226946810941985,82,3,0.6
Architecture,15,tower,0.02993529672677148,56,3,0.6
Architecture,16,entrance,0.025443772597075913,43,3,0.6
Architecture,17,cells,0.02528448540563988,11,1,0.2
Architecture,18,theory,0.025219734730675857,9,3,0.6
Architecture,19,officers,0.023574247227178997,20,3,0.6
Architecture,20,buildings,0.02303220271609148,50,5,1.0
Architecture,21,hsi,0.022570914420044642,45,2,0.4
Architecture,22,towers,0.022134193369178295,38,3,0.6
Architecture,23,imperial,0.021887367656975833,43,4,0.8
Architecture,24,hsien,0.020756364824392727,32,2,0.4
Architecture,25,temple,0.02004861811871975,48,2,0.4
Astronomy,1,shadows,0.19113207378174554,24,2,0.2222222222222222
Astronomy,2,size,0.16607983520293673,35,5,0.5555555555555556
Astronomy,3,spots,0.11253431800029427,17,3,0.3333333333333333
Astronomy,4,black,0.10282590673395478,27,6,0.6666666666666666
Astronomy,5,plum,0.09566695139656535,12,2,0.2222222222222222
Astronomy,6,sun,0.09284036268574321,97,7,0.7777777777777778
Astronomy,7,observed,0.08926002640900395,22,5,0.5555555555555556
Astronomy,8,solar,0.0871893513506828,58,7,0.7777777777777778
Astronomy,9,egg,0.08480776711786603,13,3,0.3333333333333333
Astronomy,10,occurrence,0.08365580887336854,14,3,0.3333333333333333
Astronomy,11,cocoons,0.07981288432253833,36,1,0.1111111111111111
Astronomy,12,recorded,0.06860116550448633,23,7,0.7777777777777778
Astronomy,13,droughts,0.05678340992621249,14,3,0.3333333333333333
Astronomy,14,peking,0.054721898336648485,18,3,0.3333333333333333
Astronomy,15,tables,0.05225858101648493,15,6,0.6666666666666666
Astronomy,16,excellency,0.050915861706031226,8,1,0.1111111111111111
Astronomy,17,characters,0.0508822860197301,262,5,0.5555555555555556
Astronomy,18,moon,0.05046669781032935,79,7,0.7777777777777778
Astronomy,19,china_branch,0.049557289337039456,11,2,0.2222222222222222
Astronomy,20,branch_royal,0.049557289337039456,11,2,0.2222222222222222
Astronomy,21,royal_asiatic,0.049557289337039456,11,2,0.2222222222222222
Astronomy,22,china_branch_royal,0.049557289337039456,11,2,0.2222222222222222
Astronomy,23,branch_royal_asiatic,0.049557289337039456,11,2,0.2222222222222222
Astronomy,24,les,0.047833475698282675,6,2,0.2222222222222222
Astronomy,25,indian,0.043927769119677565,98,4,0.4444444444444444
Geology,1,coal,0.38789606242885366,354,14,0.6666666666666666
Geology,2,limestone,0.22586201262073155,159,10,0.47619047619047616
Geology,3,dikes,0.20137021494829535,15,2,0.09523809523809523
Geology,4,feet,0.17171857040454339,216,16,0.7619047619047619
Geology,5,river,0.14643875495378028,265,16,0.7619047619047619
Geology,6,rocks,0.14603147358035612,194,12,0.5714285714285714
Geology,7,rock,0.12177678849132248,118,15,0.7142857142857143
Geology,8,beds,0.10927801072975088,80,13,0.6190476190476191
Geology,9,miles,0.10836233676327164,160,17,0.8095238095238095
Geology,10,shan,0.1069489015636106,127,13,0.6190476190476191
Geology,11,sea,0.10616921158002407,144,13,0.6190476190476191
Geology,12,sediments,0.10580964041381453,47,3,0.14285714285714285
Geology,13,iron,0.08970144282414423,82,11,0.5238095238095238
Geology,14,plus,0.08906744799351612,255,3,0.14285714285714285
Geology,15,marine,0.0883290153062386,40,3,0.14285714285714285
Geology,16,island,0.08674990705701828,98,10,0.47619047619047616
Geology,17,hills,0.08605220691070234,149,18,0.8571428571428571
Geology,18,carboniferous,0.08383595169283614,67,10,0.47619047619047616
Geology,19,nagasaki,0.08085099884042922,37,3,0.14285714285714285
Geology,20,nankow,0.07995047700702049,4,1,0.047619047619047616
Geology,21,springs,0.07977563325405344,40,6,0.2857142857142857
Geology,22,ton,0.07857443608373481,46,5,0.23809523809523808
Geology,23,surface,0.07856102733284887,106,19,0.9047619047619048
Geology,24,mines,0.07789846111355077,67,12,0.5714285714285714
Geology,25,shanghai,0.07750373987889306,64,8,0.38095238095238093
Manners and customs,1,king,0.38683035021626655,610,32,0.6956521739130435
Manners and customs,2,game,0.3537330332739508,294,9,0.1956521739130435
Manners and customs,3,char,0.3373567827110577,38,3,0.06521739130434782
Manners and customs,4,black,0.2555081366605206,365,25,0.5434782608695652
Manners and customs,5,son,0.23841522994024372,397,28,0.6086956521739131
Manners and customs,6,board,0.21238425970502844,186,16,0.34782608695652173
Manners and customs,7,family,0.2098584547902057,487,28,0.6086956521739131
Manners and customs,8,son_king,0.20840283797726128,96,3,0.06521739130434782
Manners and customs,9,white,0.2024130671829544,338,22,0.4782608695652174
Manners and customs,10,rice,0.17454164518368157,437,21,0.45652173913043476
Manners and customs,11,marriage,0.17100273116007966,308,13,0.2826086956521739
Manners and customs,12,children,0.1655949927958482,333,25,0.5434782608695652
Manners and customs,13,breadth,0.1652841026047839,331,10,0.21739130434782608
Manners and customs,14,play,0.160486354375564,183,15,0.32608695652173914
Manners and customs,15,manchuria,0.1563993610829455,322,7,0.15217391304347827
Manners and customs,16,length_breadth,0.15349654099645738,237,6,0.13043478260869565
Manners and customs,17,length,0.15344979710405826,445,26,0.5652173913043478
Manners and customs,18,law,0.1498690806375023,362,22,0.4782608695652174
Manners and customs,19,bow,0.1485355024426082,118,9,0.1956521739130435
Manners and customs,20,takes,0.1483495746194072,131,29,0.6304347826086957
Manners and customs,21,cannon,0.14660412656005153,100,4,0.08695652173913043
Manners and customs,22,wife,0.1449253117760675,294,17,0.3695652173913043
Manners and customs,23,games,0.14444211813170219,140,6,0.13043478260869565
Manners and customs,24,pieces,0.14442258361490876,107,20,0.43478260869565216
Manners and customs,25,chess,0.1441301873800026,90,5,0.10869565217391304
Religion,1,shaman,0.18898626083449027,25,1,0.043478260869565216
Religion,2,worship,0.15070400315084556,145,16,0.6956521739130435
Religion,3,god,0.1354853743160358,237,17,0.7391304347826086
Religion,4,heaven,0.12437863898158542,271,18,0.782608695652174
Religion,5,chow,0.10357199431170712,218,9,0.391304347826087
Religion,6,shamanism,0.09827285563393492,13,1,0.043478260869565216
Religion,7,tablet,0.09712838642131234,90,7,0.30434782608695654
Religion,8,mencius,0.09655993617580598,154,9,0.391304347826087
Religion,9,king,0.09498422977864174,235,17,0.7391304347826086
Religion,10,spirits,0.09281141394097599,136,15,0.6521739130434783
Religion,11,sze,0.08234005524660047,114,4,0.17391304347826086
Religion,12,temple,0.0807051971052983,264,13,0.5652173913043478
Religion,13,shan,0.07987157186310036,219,12,0.5217391304347826
Religion,14,family,0.0789232581440661,99,18,0.782608695652174
Religion,15,clan,0.0778712489276181,28,8,0.34782608695652173
Religion,16,sacrifice,0.07779099306427731,126,12,0.5217391304347826
Religion,17,bishop,0.07545757421457851,71,3,0.13043478260869565
Religion,18,peking,0.07428243127983629,136,10,0.43478260869565216
Religion,19,shrine,0.06977643190167614,30,8,0.34782608695652173
Religion,20,characters,0.0695287039188077,296,14,0.6086956521739131
Religion,21,portuguese,0.06920534688647986,57,2,0.08695652173913043
Religion,22,altar,0.06912470624170933,83,10,0.43478260869565216
Religion,23,thou,0.06844918729340585,56,3,0.13043478260869565
Religion,24,excellency,0.06799817853244879,8,1,0.043478260869565216
Religion,25,japan,0.06774853034349032,41,6,0.2608695652173913
Military art and science,1,tls,0.043276784853770456,63,1,0.5
Military art and science,2,manchu,0.027477323716679655,40,1,0.5
Military art and science,3,gunpowder,0.01713537226487256,47,1,0.5
Military art and science,4,tso,0.016486394230007792,24,1,0.5
Military art and science,5,banners,0.0157994611370908,23,1,0.5
Military art and science,6,pay,0.014425594951256818,21,1,0.5
Military art and science,7,banner,0.013738661858339827,20,1,0.5
Military art and science,8,total,0.012364795672505846,18,1,0.5
Military art and science,9,peking,0.011989608650836215,25,2,1.0
Military art and science,10,infantry,0.011677862579588853,17,1,0.5
Military art and science,11,board,0.010782736363256006,23,2,1.0
Military art and science,12,troops,0.00961706330083788,14,1,0.5
Military art and science,13,guards,0.008930130207920889,13,1,0.5
Military art and science,14,bannermen,0.008930130207920889,13,1,0.5
Military art and science,15,rice,0.008930130207920889,13,1,0.5
Military art and science,16,century,0.008789666465077535,33,2,1.0
Military art and science,17,warfare,0.008749977326743437,24,1,0.5
Military art and science,18,mongol,0.008598346969126435,19,2,1.0
Military art and science,19,military,0.008429088170521584,21,2,1.0
Military art and science,20,passage,0.008385394938129126,23,1,0.5
Military art and science,21,cavalry,0.008243197115003896,12,1,0.5
Military art and science,22,che,0.007752052976102179,29,2,1.0
Military art and science,23,nan,0.007556264022086906,11,1,0.5
Military art and science,24,ling,0.007556264022086906,11,1,0.5
Military art and science,25,land,0.007556264022086906,11,1,0.5
Chemistry,1,chemical,0.0357927786499215,51,2,1.0
Chemistry,2,oil,0.029579303933398866,33,1,0.5
Chemistry,3,industry,0.02778661884652621,31,1,0.5
Chemistry,4,clay,0.024201248672780888,27,1,0.5
Chemistry,5,kwangtung,0.022408563585908235,25,1,0.5
Chemistry,6,salt,0.01820845484188715,16,1,0.5
Chemistry,7,lead,0.018007415516814014,25,2,1.0
Chemistry,8,wine,0.01792685086872659,20,1,0.5
Chemistry,9,red,0.016903866809881846,23,2,1.0
Chemistry,10,rice,0.01675359415021069,26,2,1.0
Chemistry,11,alcohol,0.016134165781853928,18,1,0.5
Chemistry,12,iron,0.015678447492357268,20,2,1.0
Chemistry,13,sulphate,0.01479436955903331,13,1,0.5
Chemistry,14,bricks,0.014341480694981269,16,1,0.5
Chemistry,15,kiln,0.014341480694981269,16,1,0.5
Chemistry,16,province,0.013736780137156077,21,2,1.0
Chemistry,17,vinegar,0.012045567214740148,17,2,1.0
Chemistry,18,substances,0.011973787490704785,15,2,1.0
Chemistry,19,mercury,0.011973787490704785,15,2,1.0
Chemistry,20,making,0.01187360571759068,17,2,1.0
Chemistry,21,manufacture,0.011751735106998264,16,2,1.0
Chemistry,22,kilns,0.011652453064672282,13,1,0.5
Chemistry,23,catties,0.01165155333388416,18,2,1.0
Chemistry,24,lime,0.011529682723291745,17,2,1.0
Chemistry,25,pen,0.010242255848561522,9,1,0.5
Biography,1,king,0.10779707264976746,225,10,1.0
Biography,2,kwo,0.10456778196378129,97,1,0.1
Biography,3,wang,0.10267670070330397,206,10,1.0
Biography,4,tsi,0.0966038915488858,106,2,0.2
Biography,5,mei,0.0749619097962007,49,1,0.1
Biography,6,emperor,0.0630523561415158,114,9,0.9
Biography,7,legend,0.05648381459137775,32,3,0.3
Biography,8,yueh,0.05522444089564841,60,3,0.3
Biography,9,duke,0.053598202571270605,71,3,0.3
Biography,10,yuan,0.05084778939461833,95,6,0.6
Biography,11,wang_shih,0.04770807943960075,26,2,0.2
Biography,12,yaou,0.04696484453768379,22,1,0.1
Biography,13,army,0.044275894332208354,61,4,0.4
Biography,14,government,0.04354937448433904,55,6,0.6
Biography,15,shun,0.040611880473788754,35,5,0.5
Biography,16,heaven,0.04034754540414658,77,8,0.8
Biography,17,son,0.03962279593102384,69,10,1.0
Biography,18,chung_wang,0.039567892676424195,42,1,0.1
Biography,19,shih,0.039197290380683716,46,7,0.7
Biography,20,actor,0.03671603745120034,24,1,0.1
Biography,21,drama,0.03591434933607563,28,2,0.2
Biography,22,city,0.035525218256336685,63,6,0.6
Biography,23,chow,0.03547940075060996,63,7,0.7
Biography,24,vishnu,0.0342526340920713,18,2,0.2
Biography,25,poems,0.034052583895088084,35,1,0.1
Archaeology,1,bottles,0.2504988122674455,99,2,0.07692307692307693
Archaeology,2,art,0.16871234389115802,290,21,0.8076923076923077
Archaeology,3,pictures,0.13404793221690484,21,7,0.2692307692307692
Archaeology,4,porcelain,0.13196279339301398,233,10,0.38461538461538464
Archaeology,5,temple,0.12291820552859002,363,20,0.7692307692307693
Archaeology,6,wares,0.12060263824676702,216,5,0.19230769230769232
Archaeology,7,stone,0.11702419301954609,323,21,0.8076923076923077
Archaeology,8,city,0.10425582823378775,259,17,0.6538461538461539
Archaeology,9,inscriptions,0.10393788692436146,141,18,0.6923076923076923
Archaeology,10,greek,0.09906132607622964,75,6,0.23076923076923078
Archaeology,11,characters,0.09526760995487916,161,19,0.7307692307692307
Archaeology,12,rubbings,0.09456292895944826,24,7,0.2692307692307692
Archaeology,13,shan,0.08496103134121694,258,18,0.6923076923076923
Archaeology,14,dial,0.0836711220646218,21,2,0.07692307692307693
Archaeology,15,egypt,0.08256222653367071,61,10,0.38461538461538464
Archaeology,16,cambodia,0.07801101955314634,29,3,0.11538461538461539
Archaeology,17,colour,0.0774112029194819,179,14,0.5384615384615384
Archaeology,18,buddhist,0.07333110276614907,147,15,0.5769230769230769
Archaeology,19,nature,0.07189192712328109,118,15,0.5769230769230769
Archaeology,20,mountain,0.07187794478953807,186,20,0.7692307692307693
Archaeology,21,written,0.07109665004870616,92,18,0.6923076923076923
Archaeology,22,river,0.07091147708819451,142,20,0.7692307692307693
Archaeology,23,human,0.07083712997899154,75,19,0.7307692307692307
Archaeology,24,emperor,0.06974245121932694,198,20,0.7692307692307693
Archaeology,25,feet,0.06664452227328511,186,17,0.6538461538461539
Botany,1,soochow,0.3432175267563432,129,2,0.13333333333333333
Botany,2,leaves,0.20207820176946678,1211,12,0.8
Botany,3,lour,0.19707818098386604,2442,6,0.4
Botany,4,linn,0.17905188249623266,1875,9,0.6
Botany,5,flowers,0.17514889612291698,858,12,0.8
Botany,6,sin,0.168141578346526,1895,4,0.26666666666666666
Botany,7,plants,0.14782588912227826,1065,15,1.0
Botany,8,species,0.13195935243926682,703,15,1.0
Botany,9,plant,0.1251340770269808,1717,15,1.0
Botany,10,shu,0.11131731814874905,493,7,0.4666666666666667
Botany,11,cochin,0.10917379827441503,1216,4,0.26666666666666666
Botany,12,nimrod,0.10788834230109536,35,1,0.06666666666666667
Botany,13,canton,0.08789040732760646,1171,7,0.4666666666666667
Botany,14,ningpo,0.07938080460963386,105,9,0.6
Botany,15,wuhu,0.07853369442915821,30,2,0.13333333333333333
Botany,16,var,0.07306662543705522,305,10,0.6666666666666666
Botany,17,faber,0.07114080736757436,85,3,0.2
Botany,18,china_cochin,0.07079240709719659,709,3,0.2
Botany,19,tab,0.07036723832186764,789,4,0.26666666666666666
Botany,20,cultivated,0.06881131163007839,645,11,0.7333333333333333
Botany,21,chinese_plants,0.06711302766736114,303,8,0.5333333333333333
Botany,22,tzu,0.06683392602343848,137,3,0.2
Botany,23,forms,0.06579006536366101,80,11,0.7333333333333333
Botany,24,chinensis,0.06537840390018022,684,11,0.7333333333333333
Botany,25,sound,0.06509670737999759,43,6,0.4
Navigation,1,compass,0.02698100556577628,55,1,0.5
Navigation,2,variation,0.02207536819018059,45,1,0.5
Navigation,3,needle,0.020113113239942318,41,1,0.5
Navigation,4,les,0.01990160553473475,29,1,0.5
Navigation,5,boat,0.01962254950238275,40,1,0.5
Navigation,6,boats,0.018641422027263613,38,1,0.5
Navigation,7,ceylon,0.012556071389616057,26,2,1.0
Navigation,8,erh,0.011666458416913474,17,1,0.5
Navigation,9,latitude,0.010980196157095034,16,1,0.5
Navigation,10,degrees,0.010959485438481676,31,2,1.0
Navigation,11,polo,0.010951986529232112,23,2,1.0
Navigation,12,king,0.01081649487347295,27,2,1.0
Navigation,13,chinese_boats,0.010792402226310512,22,1,0.5
Navigation,14,star,0.010324464168848168,22,2,1.0
Navigation,15,gear,0.009811274751191375,20,1,0.5
Navigation,16,iron,0.009811274751191375,20,1,0.5
Navigation,17,des,0.009607671637458156,14,1,0.5
Navigation,18,que,0.009607671637458156,14,1,0.5
Navigation,19,sea,0.009212410013089006,24,2,1.0
Navigation,20,lan,0.008921409377639715,13,1,0.5
Navigation,21,map,0.008921409377639715,13,1,0.5
Navigation,22,words,0.008830147276072238,18,1,0.5
Navigation,23,marco,0.008649821389616057,18,2,1.0
Navigation,24,island,0.008510580279232112,18,2,1.0
Navigation,25,circle,0.008339583538512668,17,1,0.5
Taoism,1,tzu,0.08086510301470581,314,4,0.8
Taoism,2,heart,0.06275382577320643,94,5,1.0
Taoism,3,taoism,0.052690104470297254,89,4,0.8
Taoism,4,lao,0.03826854514724073,148,4,0.8
Taoism,5,tao,0.03695004087662013,166,5,1.0
Taoism,6,genii,0.03477504299841232,73,3,0.6
Taoism,7,lao_tzu,0.03240459025382297,127,4,0.8
Taoism,8,duke,0.029502547283903172,102,2,0.4
Taoism,9,king,0.029324171309081794,157,5,1.0
Taoism,10,replied,0.027738936693474422,114,3,0.6
Taoism,11,immortals,0.025806236722820532,49,2,0.4
Taoism,12,true,0.023438739489811497,52,5,1.0
Taoism,13,nature,0.02223375723179642,45,5,1.0
Taoism,14,taoist,0.02156261987378083,57,4,0.8
Taoism,15,spirit,0.021535915632654702,88,5,1.0
Taoism,16,confucius,0.021020276628038057,76,4,0.8
Taoism,17,original,0.019837363515820886,25,4,0.8
Taoism,18,gods,0.018896403022964973,17,1,0.2
Taoism,19,pei,0.017354439578766572,60,2,0.4
Taoism,20,human,0.016713583645667926,51,5,1.0
Taoism,21,immortality,0.016609903213442433,31,2,0.4
Taoism,22,knowledge,0.01659793169946922,78,4,0.8
Taoism,23,religion,0.01597002322096089,44,5,1.0
Taoism,24,heaven,0.01594444644767758,46,5,1.0
Taoism,25,world,0.015893737792810815,53,5,1.0
Art,1,bottles,0.23445340917299762,99,2,0.09523809523809523
Art,2,art,0.1958811029450146,334,17,0.8095238095238095
Art,3,pictures,0.11570886662557363,22,8,0.38095238095238093
Art,4,porcelain,0.11266637111573675,234,11,0.5238095238095238
Art,5,wares,0.11073922647878284,216,5,0.23809523809523808
Art,6,greek,0.10769062290979128,84,5,0.23809523809523808
Art,7,rubbings,0.09286572342441186,13,4,0.19047619047619047
Art,8,city,0.08723529412954069,238,12,0.5714285714285714
Art,9,egypt,0.08381072866916288,58,7,0.3333333333333333
Art,10,temple,0.07984381291940659,318,15,0.7142857142857143
Art,11,dial,0.07831166798681861,21,2,0.09523809523809523
Art,12,shan,0.07692848023797422,255,16,0.7619047619047619
Art,13,inscriptions,0.07640865080357097,83,13,0.6190476190476191
Art,14,stone,0.07310466316027364,261,16,0.7619047619047619
Art,15,buddhist,0.07269004153144319,157,14,0.6666666666666666
Art,16,colour,0.06989897778970333,178,13,0.6190476190476191
Art,17,nature,0.06884321131125448,125,15,0.7142857142857143
Art,18,mountain,0.06337664471436345,175,15,0.7142857142857143
Art,19,mongolian,0.059470502089368056,7,2,0.09523809523809523
Art,20,human,0.05915347285521087,76,17,0.8095238095238095
Art,21,copper,0.058169444549869595,118,6,0.2857142857142857
Art,22,sir,0.0572569063907917,34,4,0.19047619047619047
Art,23,coins,0.057226797199555264,28,3,0.14285714285714285
Art,24,characters,0.055775521464457224,95,17,0.8095238095238095
Art,25,written,0.055303061370213485,71,16,0.7619047619047619
Christianity,1,christ,0.12516171189726663,89,5,0.625
Christianity,2,picture,0.08404855494494941,48,4,0.5
Christianity,3,bishop,0.0816203114370701,95,2,0.25
Christianity,4,professor_giles,0.06464390731129262,34,3,0.375
Christianity,5,priest,0.0635312115796266,150,6,0.75
Christianity,6,giles,0.06004566680071087,37,4,0.5
Christianity,7,nestorian,0.059178531557793124,70,7,0.875
Christianity,8,professor,0.057017367564448695,35,4,0.5
Christianity,9,buddha,0.049221081698747615,40,6,0.75
Christianity,10,confucius,0.04897516631344106,35,5,0.625
Christianity,11,tzu,0.04660088597567693,30,4,0.5
Christianity,12,della,0.04602950409214276,50,2,0.25
Christianity,13,lao,0.04449391791600415,27,4,0.5
Christianity,14,lao_tzu,0.04415500934291938,26,4,0.5
Christianity,15,priests,0.04272110908276175,57,8,1.0
Christianity,16,marco,0.041431322985387764,72,3,0.375
Christianity,17,jesuits,0.03773875509325945,34,1,0.125
Christianity,18,polo,0.03562705947187389,62,3,0.375
Christianity,19,marco_polo,0.0350466331205225,61,3,0.375
Christianity,20,khan,0.034585498490026616,58,3,0.375
Christianity,21,kneeling,0.03220518539760085,19,4,0.5
Christianity,22,portraits,0.03190537804622763,19,4,0.5
Christianity,23,went,0.031144116658648212,56,7,0.875
Christianity,24,city,0.030404740155171122,70,5,0.625
Christianity,25,chou,0.03018705239051487,50,3,0.375
Decorative arts,1,wood,0.05431174764525284,63,1,0.3333333333333333
Decorative arts,2,art,0.046044767572207386,78,3,1.0
Decorative arts,3,design,0.045579654150567195,87,3,1.0
Decorative arts,4,silk,0.03560984149590361,53,1,0.3333333333333333
Decorative arts,5,bronze,0.035344584745195744,31,2,0.6666666666666666
Decorative arts,6,carving,0.03448364929857323,40,1,0.3333333333333333
Decorative arts,7,brass,0.027481198602415706,18,1,0.3333333333333333
Decorative arts,8,decorative,0.025615002517002265,48,3,1.0
Decorative arts,9,forms,0.023896972475809946,40,3,1.0
Decorative arts,10,colour,0.021844993267248505,46,3,1.0
Decorative arts,11,metal,0.020238794121982772,24,3,1.0
Decorative arts,12,fine,0.01899585791415094,35,3,1.0
Decorative arts,13,embroidery,0.017518145932807056,34,2,0.6666666666666666
Decorative arts,14,stitch,0.017468978847047054,26,1,0.3333333333333333
Decorative arts,15,beautiful,0.016233908143832316,32,3,1.0
Decorative arts,16,decoration,0.015147217303799535,27,3,1.0
Decorative arts,17,chinese_art,0.015121554637255652,21,3,1.0
Decorative arts,18,panel,0.014211833948696795,23,2,0.6666666666666666
Decorative arts,19,thread,0.014109559837999545,21,1,0.3333333333333333
Decorative arts,20,ming,0.014083605131293087,13,2,0.6666666666666666
Decorative arts,21,textile,0.01276579223438054,19,1,0.3333333333333333
Decorative arts,22,gold_thread,0.01276579223438054,19,1,0.3333333333333333
Decorative arts,23,relief,0.01266235642271998,17,2,0.6666666666666666
Decorative arts,24,worked,0.0122814821830375,26,3,1.0
Decorative arts,25,designs,0.012053806363600879,25,3,1.0
Bronzes,1,bronze,0.03104484471390946,39,2,1.0
Bronzes,2,bronzes,0.021781886530087967,30,2,1.0
Bronzes,3,forms,0.020741343043501316,28,2,1.0
Bronzes,4,ideas,0.019211393564068435,19,1,0.5
Bronzes,5,tripod,0.017189141609955966,17,1,0.5
Bronzes,6,ideographs,0.015166889655843502,15,1,0.5
Bronzes,7,inscriptions,0.014155763678787266,14,1,0.5
Bronzes,8,earliest,0.012827673978753115,17,2,1.0
Bronzes,9,unicorn,0.012661847820794273,11,1,0.5
Bronzes,10,wei,0.012661847820794273,11,1,0.5
Bronzes,11,objects,0.0121335117246748,12,1,0.5
Bronzes,12,mind,0.0121335117246748,12,1,0.5
Bronzes,13,writing,0.0121335117246748,12,1,0.5
Bronzes,14,ting,0.01161036772547564,16,2,1.0
Bronzes,15,chou,0.011122385747618568,11,1,0.5
Bronzes,16,statues,0.010359693671558952,9,1,0.5
Bronzes,17,tsung,0.010359693671558952,9,1,0.5
Bronzes,18,tripods,0.010111259770562334,10,1,0.5
Bronzes,19,shang,0.010111259770562334,10,1,0.5
Bronzes,20,decorated,0.009728433469440663,12,2,1.0
Bronzes,21,yuan,0.009230551676594843,12,2,1.0
Bronzes,22,shapes,0.009100133793506101,9,1,0.5
Bronzes,23,suggest,0.009100133793506101,9,1,0.5
Bronzes,24,specimens,0.009031398959456514,12,2,1.0
Bronzes,25,vessels,0.00893182260088735,12,2,1.0
Sculpture,1,han,0.015551537070524412,43,1,1.0
Sculpture,2,pillars,0.009403254972875226,26,1,1.0
Sculpture,3,ssu,0.009041591320072333,25,1,1.0
Sculpture,4,sculpture,0.008318264014466547,23,1,1.0
Sculpture,5,stone,0.007956600361663653,22,1,1.0
Sculpture,6,uan,0.007233273056057866,20,1,1.0
Sculpture,7,ssu_uan,0.007233273056057866,20,1,1.0
Sculpture,8,statue,0.0065099457504520794,18,1,1.0
Sculpture,9,style,0.006148282097649186,17,1,1.0
Sculpture,10,pillar,0.006148282097649186,17,1,1.0
Sculpture,11,liang,0.006148282097649186,17,1,1.0
Sculpture,12,monuments,0.005786618444846293,16,1,1.0
Sculpture,13,horse,0.005786618444846293,16,1,1.0
Sculpture,14,art,0.0054249547920434,15,1,1.0
Sculpture,15,funeral,0.005063291139240506,14,1,1.0
Sculpture,16,shantung,0.005063291139240506,14,1,1.0
Sculpture,17,tombs,0.004701627486437613,13,1,1.0
Sculpture,18,animal,0.00433996383363472,12,1,1.0
Sculpture,19,tomb,0.003978300180831827,11,1,1.0
Sculpture,20,caves,0.003978300180831827,11,1,1.0
Sculpture,21,honan,0.003616636528028933,10,1,1.0
Sculpture,22,chou,0.003616636528028933,10,1,1.0
Sculpture,23,lions,0.003616636528028933,10,1,1.0
Sculpture,24,century,0.0032549728752260397,9,1,1.0
Sculpture,25,feet,0.0032549728752260397,9,1,1.0
Telecommunication,1,river,0.11002067738312152,403,4,0.8
Telecommunication,2,rockhill,0.08676433234803556,16,1,0.2
Telecommunication,3,canal,0.08025568098694431,179,3,0.6
Telecommunication,4,yunnan,0.061949965810591666,119,2,0.4
Telecommunication,5,trade,0.05999476351389928,179,4,0.8
Telecommunication,6,route,0.04778298231568934,211,4,0.8
Telecommunication,7,tibet,0.039448304923770966,10,2,0.4
Telecommunication,8,cheo,0.038794690001603,430,1,0.2
Telecommunication,9,road,0.036989920091503294,475,4,0.8
Telecommunication,10,yellow,0.032253740361905786,103,3,0.6
Telecommunication,11,kueichou,0.030967037176714448,26,1,0.2
Telecommunication,12,yellow_river,0.030276907639108737,99,3,0.6
Telecommunication,13,shan,0.02980643463026086,107,2,0.4
Telecommunication,14,foo,0.029376899928862433,64,1,0.2
Telecommunication,15,province,0.029035472559678838,192,4,0.8
Telecommunication,16,grand,0.028104856632832666,63,3,0.6
Telecommunication,17,peking,0.026638243004418426,81,4,0.8
Telecommunication,18,grand_canal,0.026262589754946313,53,3,0.6
Telecommunication,19,ssu,0.026202877611066072,22,1,0.2
Telecommunication,20,roads,0.025855581888987744,330,3,0.6
Telecommunication,21,min,0.02556933292889478,80,3,0.6
Telecommunication,22,ssu_uan,0.025011837719653977,21,1,0.2
Telecommunication,23,goods,0.024261036983447466,137,3,0.6
Telecommunication,24,yangtsze,0.024115717115906057,90,3,0.6
Telecommunication,25,uan,0.024095876221652834,26,2,0.4
Political science,1,wang,0.036099769027742305,87,2,0.6666666666666666
Political science,2,une,0.034617425972129946,156,1,0.3333333333333333
Political science,3,shih,0.025526481746864855,62,2,0.6666666666666666
Political science,4,party,0.023721080537999723,56,2,0.6666666666666666
Political science,5,yuan,0.02059929267979299,75,3,1.0
Political science,6,wang_shih,0.019673122089102896,48,2,0.6666666666666666
Political science,7,sung,0.019559843092357053,61,2,0.6666666666666666
Political science,8,scholars,0.019365571906035026,67,2,0.6666666666666666
Political science,9,hsi,0.01918744412329784,63,2,0.6666666666666666
Political science,10,ville,0.018418245869787086,83,1,0.3333333333333333
Political science,11,tsung,0.01541465732641521,37,2,0.6666666666666666
Political science,12,rivi,0.015089647218620746,68,1,0.3333333333333333
Political science,13,nature,0.01494452849440706,57,2,0.6666666666666666
Political science,14,ing,0.014391399334893145,69,3,1.0
Political science,15,emperor,0.014326624143077482,46,3,1.0
Political science,16,cette,0.014202020911643054,64,1,0.3333333333333333
Political science,17,plus,0.013980114334898633,63,1,0.3333333333333333
Political science,18,canton,0.01220486172094325,55,1,0.3333333333333333
Political science,19,law,0.012030596349944633,37,2,0.6666666666666666
Political science,20,fei,0.011943962581974818,33,1,0.3333333333333333
Political science,21,nan,0.011317235413965558,51,1,0.3333333333333333
Political science,22,ssu,0.011245256455096119,28,2,0.6666666666666666
Political science,23,chai,0.011220086061855131,31,1,0.3333333333333333
Political science,24,fou,0.010651515683732292,48,1,0.3333333333333333
Political science,25,ching,0.010314887503838192,40,3,1.0
Economics,1,salt,0.29029994490172173,484,9,0.6
Economics,2,taels,0.22063776356565695,757,12,0.8
Economics,3,gold,0.14693975060939213,227,8,0.5333333333333333
Economics,4,soci,0.13939858830649463,66,1,0.06666666666666667
Economics,5,union,0.1353082320897899,122,4,0.26666666666666666
Economics,6,sommes,0.13095018901519193,62,1,0.06666666666666667
Economics,7,magistrate,0.1286939606490896,254,7,0.4666666666666667
Economics,8,cash,0.12817370559383312,150,11,0.7333333333333333
Economics,9,silver,0.11898576152849594,156,8,0.5333333333333333
Economics,10,vers,0.1140533904325865,54,1,0.06666666666666667
Economics,11,tax,0.09903464834618164,228,8,0.5333333333333333
Economics,12,tls,0.09882110556932382,113,7,0.4666666666666667
Economics,13,shanghai,0.07620611371555103,166,9,0.6
Economics,14,kiang,0.076142282134127,92,4,0.26666666666666666
Economics,15,money,0.07038629657783818,172,10,0.6666666666666666
Economics,16,chou,0.07034607481075746,131,8,0.5333333333333333
Economics,17,argent,0.06638560418951729,37,2,0.13333333333333333
Economics,18,guild,0.06610050097044107,158,2,0.13333333333333333
Economics,19,hoppo,0.06449399665433762,48,3,0.2
Economics,20,heaven,0.06382032486513732,143,5,0.3333333333333333
Economics,21,province,0.06219525414883918,150,11,0.7333333333333333
Economics,22,nan,0.06028722595067819,121,9,0.6
Economics,23,emperor,0.05987641338573843,130,10,0.6666666666666666
Economics,24,copper,0.05987195972515426,62,6,0.4
Economics,25,sap,0.05913879503911894,28,1,0.06666666666666667
Government,1,salt,0.25511535105357774,485,8,0.7272727272727273
Government,2,taels,0.2086307205404726,662,7,0.6363636363636364
Government,3,magistrate,0.11531270903590043,246,6,0.5454545454545454
Government,4,tls,0.09090326832012119,104,5,0.45454545454545453
Government,5,mencius,0.08505182833851849,122,4,0.36363636363636365
Government,6,tax,0.08452867939929631,231,8,0.7272727272727273
Government,7,kiang,0.0681130351698496,88,3,0.2727272727272727
Government,8,chou,0.061809404911729204,126,7,0.6363636363636364
Government,9,heaven,0.05905774355723288,140,4,0.36363636363636365
Government,10,hoppo,0.0567188592192767,48,3,0.2727272727272727
Government,11,province,0.056087451637677255,133,7,0.6363636363636364
Government,12,nan,0.055994957043889834,117,7,0.6363636363636364
Government,13,land,0.053783065578242605,183,10,0.9090909090909091
Government,14,emperor,0.05190370310574148,126,9,0.8181818181818182
Government,15,peking,0.049545085314878674,161,10,0.9090909090909091
Government,16,book,0.048854523824699625,85,9,0.8181818181818182
Government,17,likin,0.04851392524628501,108,5,0.45454545454545453
Government,18,money,0.047885763599067266,100,7,0.6363636363636364
Government,19,office,0.04751744748538607,138,9,0.8181818181818182
Government,20,government,0.04630669242025188,117,10,0.9090909090909091
Government,21,duty,0.04456009433464332,89,10,0.9090909090909091
Government,22,cent,0.04444790977101047,72,9,0.8181818181818182
Government,23,ssuch,0.042815716429475646,49,1,0.09090909090909091
Government,24,ssuch_uan,0.042815716429475646,49,1,0.09090909090909091
Government,25,uan,0.04252055615251198,64,3,0.2727272727272727
Political science--Philosophy,1,salt,0.2530599813915201,466,7,0.7
Political science--Philosophy,2,taels,0.16875900447764405,563,6,0.6
Political science--Philosophy,3,magistrate,0.11929794840565504,244,5,0.5
Political science--Philosophy,4,tls,0.09078245421244285,95,4,0.4
Political science--Philosophy,5,mencius,0.08110589388926638,122,4,0.4
Political science--Philosophy,6,tax,0.07067400972056152,194,7,0.7
Political science--Philosophy,7,heaven,0.06268988513723518,139,3,0.3
Political science--Philosophy,8,chou,0.06054777434063673,119,6,0.6
Political science--Philosophy,9,kiang,0.05741696676987659,65,2,0.2
Political science--Philosophy,10,hoppo,0.05690480740153265,41,2,0.2
Political science--Philosophy,11,nan,0.049815895890093255,100,6,0.6
Political science--Philosophy,12,emperor,0.046067052619174396,109,8,0.8
Political science--Philosophy,13,book,0.04525914034739355,85,9,0.9
Political science--Philosophy,14,land,0.04457005616832473,156,9,0.9
Political science--Philosophy,15,duty,0.044187428453454684,87,9,0.9
Political science--Philosophy,16,cent,0.043965574421233534,69,8,0.8
Political science--Philosophy,17,office,0.043957020971064874,127,8,0.8
Political science--Philosophy,18,province,0.0432964856018735,102,6,0.6
Political science--Philosophy,19,likin,0.043096988385737015,94,4,0.4
Political science--Philosophy,20,government,0.04309591890926451,107,9,0.9
Political science--Philosophy,21,ssuch,0.04148126964622311,49,1,0.1
Political science--Philosophy,22,ssuch_uan,0.04148126964622311,49,1,0.1
Political science--Philosophy,23,money,0.04096579561676703,82,6,0.6
Political science--Philosophy,24,uan,0.0407575949037036,64,3,0.3
Political science--Philosophy,25,yen,0.04019423518824865,48,4,0.4
Islam,1,mohammed,0.11558513768976843,366,6,1.0
Islam,2,prophet,0.09489886456594908,304,6,1.0
Islam,3,moslem,0.07119036631996047,179,6,1.0
Islam,4,prayer,0.04827604796792284,91,5,0.8333333333333334
Islam,5,lunar,0.039637952411213255,10,2,0.3333333333333333
Islam,6,god,0.03933094198463839,112,5,0.8333333333333334
Islam,7,moslems,0.0381108342461993,140,6,1.0
Islam,8,liu,0.036143678101007486,74,5,0.8333333333333334
Islam,9,arabic,0.03503670455494627,179,6,1.0
Islam,10,hegira,0.03278122172561449,22,5,0.8333333333333334
Islam,11,chronology,0.029516089295540778,12,4,0.6666666666666666
Islam,12,animistic,0.029165755677050337,25,1,0.16666666666666666
Islam,13,mosque,0.02766922301132451,77,6,1.0
Islam,14,mistake,0.027584852675453485,3,1,0.16666666666666666
Islam,15,chen,0.026993180393984764,101,2,0.3333333333333333
Islam,16,arab,0.02688356516957681,14,2,0.3333333333333333
Islam,17,faith,0.025466600962628313,89,4,0.6666666666666666
Islam,18,emperor,0.02533633275897448,87,4,0.6666666666666666
Islam,19,islam,0.025271350287166715,106,6,1.0
Islam,20,religion,0.02484350285938615,85,5,0.8333333333333334
Islam,21,ibn,0.024427381725518768,41,2,0.3333333333333333
Islam,22,solar,0.024170370662084065,7,2,0.3333333333333333
Islam,23,heaven,0.02411701271262119,82,5,0.8333333333333334
Islam,24,abu,0.023285885687657902,53,4,0.6666666666666666
Islam,25,mecca,0.023210396310367344,66,5,0.8333333333333334
Folklore,1,foot,0.09673613196254746,137,2,0.5
Folklore,2,measure,0.0785195100402179,111,2,0.5
Folklore,3,tungus,0.07177678902064724,96,1,0.25
Folklore,4,inches,0.042523920867840084,47,1,0.25
Folklore,5,shamanism,0.03813141916721885,51,1,0.25
Folklore,6,english,0.03549698976526516,50,2,0.5
Folklore,7,word,0.03284509201438831,70,3,0.75
Folklore,8,measures,0.030761985308650274,34,1,0.25
Folklore,9,spirits,0.029370887889511543,71,3,0.75
Folklore,10,dead,0.027482288216904207,46,2,0.5
Folklore,11,shaman,0.02467327122584749,33,1,0.25
Folklore,12,length,0.02397682430242893,35,2,0.5
Folklore,13,eng_huang,0.02140020106661493,44,1,0.25
Folklore,14,inches_long,0.019904814023244292,22,1,0.25
Folklore,15,ang,0.019309489477677425,43,4,1.0
Folklore,16,ancestral,0.01926961218217537,31,2,0.5
Folklore,17,eng,0.017697342270421225,53,3,0.75
Folklore,18,laufer,0.017229599040406537,29,2,0.5
Folklore,19,huang,0.016985061675067255,51,3,0.75
Folklore,20,sung,0.01669947035584959,30,3,0.75
Folklore,21,chin,0.016562377039961433,30,3,0.75
Folklore,22,ivory,0.01628575692810897,18,1,0.25
Folklore,23,temple,0.016249830655783018,42,3,0.75
Folklore,24,spirit,0.015911030211996073,40,3,0.75
Folklore,25,wang,0.015854914249539106,29,3,0.75
Asia,1,monk,0.06566114702743496,20,3,0.2727272727272727
Asia,2,map,0.05913816183365387,39,4,0.36363636363636365
Asia,3,historical,0.05868075089518996,83,4,0.36363636363636365
Asia,4,clan,0.05600329121161147,10,2,0.18181818181818182
Asia,5,wall,0.055035197299256836,115,8,0.7272727272727273
Asia,6,tibetan,0.05216003407510789,70,3,0.2727272727272727
Asia,7,son,0.052112073530479204,55,8,0.7272727272727273
Asia,8,shih,0.05153440288199974,79,7,0.6363636363636364
Asia,9,river,0.04924224400708927,75,8,0.7272727272727273
Asia,10,kao,0.04756857517630021,33,6,0.5454545454545454
Asia,11,ordered,0.04529018994612636,22,3,0.2727272727272727
Asia,12,kau,0.04383806108011443,32,2,0.18181818181818182
Asia,13,ssu,0.04184210077430523,71,5,0.45454545454545453
Asia,14,jews,0.0413413858683597,51,1,0.09090909090909091
Asia,15,yuan,0.0411347912442572,51,6,0.5454545454545454
Asia,16,ping,0.041073418128047316,35,3,0.2727272727272727
Asia,17,india,0.04102553830951169,35,4,0.36363636363636365
Asia,18,executed,0.04091248298484519,7,2,0.18181818181818182
Asia,19,historian,0.040503280386283876,55,3,0.2727272727272727
Asia,20,maps,0.04039141359734207,17,1,0.09090909090909091
Asia,21,road,0.039404353799915574,32,4,0.36363636363636365
Asia,22,city,0.03935885439796466,103,10,0.9090909090909091
Asia,23,heaven,0.03782048753429,78,8,0.7272727272727273
Asia,24,yuan_shih,0.03777840043735188,22,2,0.18181818181818182
Asia,25,frontier,0.03770619521212186,26,3,0.2727272727272727
China--Religion,1,confucius,0.12673828674858056,180,8,0.8
China--Religion,2,wei,0.07950580624912061,76,6,0.6
China--Religion,3,heaven,0.07065709086995171,126,9,0.9
China--Religion,4,gods,0.05802996106250987,95,4,0.4
China--Religion,5,god,0.056786906947539816,105,7,0.7
China--Religion,6,spirit,0.05436884918165692,135,10,1.0
China--Religion,7,genesis,0.05303427631840049,24,1,0.1
China--Religion,8,religion,0.0466123805357761,77,6,0.6
China--Religion,9,earth,0.04613743008414776,81,9,0.9
China--Religion,10,priesthood,0.04370956839428613,25,1,0.1
China--Religion,11,cosmic,0.04364213765516546,41,1,0.1
China--Religion,12,ien,0.043323228185363376,30,5,0.5
China--Religion,13,tombs,0.043235357857273726,45,3,0.3
China--Religion,14,government,0.04310352671123772,34,6,0.6
China--Religion,15,spirits,0.04231840920665167,80,8,0.8
China--Religion,16,confucianism,0.0420973304188951,50,5,0.5
China--Religion,17,idols,0.03870499883885408,49,3,0.3
China--Religion,18,confucian,0.03809501101700332,44,5,0.5
China--Religion,19,world,0.03778488262132172,77,9,0.9
China--Religion,20,han,0.035625327004470034,60,8,0.8
China--Religion,21,images,0.03561225062685796,44,3,0.3
China--Religion,22,teachings,0.03399113979417342,19,5,0.5
China--Religion,23,study,0.03387684497065202,42,7,0.7
China--Religion,24,emperor,0.033694828481112,85,9,0.9
China--Religion,25,huang,0.03285756601798356,71,6,0.6
"History, Ancient",1,sung,0.02726117666589112,18,1,0.5
"History, Ancient",2,states,0.022201253647787505,21,2,1.0
"History, Ancient",3,league,0.021203137406804205,14,1,0.5
"History, Ancient",4,conference,0.021203137406804205,14,1,0.5
"History, Ancient",5,hsiang,0.021203137406804205,14,1,0.5
"History, Ancient",6,month,0.02063290745927357,17,1,0.5
"History, Ancient",7,ritual,0.01941920702049277,16,1,0.5
"History, Ancient",8,power,0.01919741230421059,20,2,1.0
"History, Ancient",9,chou,0.016659607962489015,11,1,0.5
"History, Ancient",10,hsu,0.016659607962489015,11,1,0.5
"History, Ancient",11,spring,0.015778105704150377,13,1,0.5
"History, Ancient",12,war,0.015145098147717289,10,1,0.5
"History, Ancient",13,ming,0.012137004387807983,10,1,0.5
"History, Ancient",14,nature,0.012137004387807983,10,1,0.5
"History, Ancient",15,heaven,0.011440280507414687,13,2,1.0
"History, Ancient",16,ang,0.010923303949027184,9,1,0.5
"History, Ancient",17,peace,0.010601568703402103,7,1,0.5
"History, Ancient",18,tsin,0.010601568703402103,7,1,0.5
"History, Ancient",19,let,0.010601568703402103,7,1,0.5
"History, Ancient",20,virtue,0.009709603510246386,8,1,0.5
"History, Ancient",21,growth,0.009709603510246386,8,1,0.5
"History, Ancient",22,wang,0.009087058888630373,6,1,0.5
"History, Ancient",23,luh,0.009087058888630373,6,1,0.5
"History, Ancient",24,honan,0.009087058888630373,6,1,0.5
"History, Ancient",25,duke,0.009087058888630373,6,1,0.5
"History, Modern",1,monk,0.05153402366165269,19,2,0.4
"History, Modern",2,historical,0.0514388836494207,80,2,0.4
"History, Modern",3,clan,0.0451314470681314,4,1,0.2
"History, Modern",4,kao,0.038958326663244856,26,3,0.6
"History, Modern",5,historian,0.038553362668772906,53,1,0.2
"History, Modern",6,india,0.0356222012098646,23,1,0.2
"History, Modern",7,shih,0.03535662688010218,61,4,0.8
"History, Modern",8,son,0.03459169137579624,15,3,0.6
"History, Modern",9,ssu,0.03328585560800165,68,3,0.6
"History, Modern",10,road,0.03291838402111518,27,2,0.4
"History, Modern",11,sons,0.03160833585491338,13,2,0.4
"History, Modern",12,kau,0.031104414747968004,32,2,0.4
"History, Modern",13,ordered,0.030331368043818058,22,3,0.6
"History, Modern",14,yuan,0.030041019401507427,47,4,0.8
"History, Modern",15,frontier,0.029169718676702018,24,2,0.4
"History, Modern",16,executed,0.02902862963770676,7,2,0.4
"History, Modern",17,wives,0.028598678601505657,6,2,0.4
"History, Modern",18,histories,0.028182869933901962,34,2,0.4
"History, Modern",19,yuan_shih,0.026804904385956965,22,2,0.4
"History, Modern",20,marco,0.026730934315212694,42,2,0.4
"History, Modern",21,policy,0.02632945306816079,17,1,0.2
"History, Modern",22,polo,0.026300983279011585,41,2,0.4
"History, Modern",23,marco_polo,0.025871032242810482,40,2,0.4
"History, Modern",24,published,0.024307986016107015,21,4,0.8
"History, Modern",25,ssu_chien,0.022550080051546417,31,1,0.2
Antiquities,1,worship,0.05027932960893855,9,1,1.0
Antiquities,2,shrine,0.027932960893854747,5,1,1.0
Antiquities,3,japan,0.01675977653631285,3,1,1.0
Antiquities,4,symbols,0.01675977653631285,3,1,1.0
Antiquities,5,remains,0.0111731843575419,2,1,1.0
Antiquities,6,photograph,0.0111731843575419,2,1,1.0
Antiquities,7,emblem,0.0111731843575419,2,1,1.0
Antiquities,8,writer,0.0111731843575419,2,1,1.0
Antiquities,9,world,0.0111731843575419,2,1,1.0
Antiquities,10,religion,0.0111731843575419,2,1,1.0
Antiquities,11,earlier,0.0111731843575419,2,1,1.0
Antiquities,12,termed,0.0111731843575419,2,1,1.0
Antiquities,13,idea,0.0111731843575419,2,1,1.0
Antiquities,14,ancestor,0.0111731843575419,2,1,1.0
Antiquities,15,japanese,0.0111731843575419,2,1,1.0
Antiquities,16,emblems,0.0111731843575419,2,1,1.0
Antiquities,17,principle,0.0111731843575419,2,1,1.0
Antiquities,18,hindu,0.0111731843575419,2,1,1.0
Antiquities,19,ancestor_worship,0.0111731843575419,2,1,1.0
Antiquities,20,shown,0.00558659217877095,1,1,1.0
Antiquities,21,situated,0.00558659217877095,1,1,1.0
Antiquities,22,district,0.00558659217877095,1,1,1.0
Antiquities,23,miles,0.00558659217877095,1,1,1.0
Antiquities,24,actual,0.00558659217877095,1,1,1.0
Antiquities,25,site,0.00558659217877095,1,1,1.0
"Associations, institutions, etc.",1,esq,0.027972027972027972,76,1,1.0
"Associations, institutions, etc.",2,president,0.012881854987118146,35,1,1.0
"Associations, institutions, etc.",3,rev,0.010673536989326464,29,1,1.0
"Associations, institutions, etc.",4,sir,0.009937430990062569,27,1,1.0
"Associations, institutions, etc.",5,honorary,0.009937430990062569,27,1,1.0
"Associations, institutions, etc.",6,members,0.009569377990430622,26,1,1.0
"Associations, institutions, etc.",7,member,0.008833271991166729,24,1,1.0
"Associations, institutions, etc.",8,shanghai,0.008465218991534781,23,1,1.0
"Associations, institutions, etc.",9,asiatic,0.005520794994479205,15,1,1.0
"Associations, institutions, etc.",10,joined,0.005520794994479205,15,1,1.0
"Associations, institutions, etc.",11,royal,0.005152741994847258,14,1,1.0
"Associations, institutions, etc.",12,edkins,0.005152741994847258,14,1,1.0
"Associations, institutions, etc.",13,meeting,0.005152741994847258,14,1,1.0
"Associations, institutions, etc.",14,library,0.005152741994847258,14,1,1.0
"Associations, institutions, etc.",15,contributed,0.005152741994847258,14,1,1.0
"Associations, institutions, etc.",16,royal_asiatic,0.005152741994847258,14,1,1.0
"Associations, institutions, etc.",17,secretary,0.004784688995215311,13,1,1.0
"Associations, institutions, etc.",18,held,0.004784688995215311,13,1,1.0
"Associations, institutions, etc.",19,death,0.004784688995215311,13,1,1.0
"Associations, institutions, etc.",20,vice,0.004416635995583364,12,1,1.0
"Associations, institutions, etc.",21,published,0.004416635995583364,12,1,1.0
"Associations, institutions, etc.",22,wylie,0.004416635995583364,12,1,1.0
"Associations, institutions, etc.",23,museum,0.004416635995583364,12,1,1.0
"Associations, institutions, etc.",24,office,0.004416635995583364,12,1,1.0
"Associations, institutions, etc.",25,joseph,0.004048582995951417,11,1,1.0
Porcelain,1,ing,0.0471975445108582,64,2,1.0
Porcelain,2,tsun,0.02692858718556542,26,1,0.5
Porcelain,3,art,0.023815697298870966,31,2,1.0
Porcelain,4,shapes,0.023754855936752275,32,2,1.0
Porcelain,5,neck,0.020714297835050324,20,1,0.5
Porcelain,6,pottery,0.018977956094143763,25,2,1.0
Porcelain,7,bronze,0.01712257885495419,23,2,1.0
Porcelain,8,glaze,0.016905938116942784,22,2,1.0
Porcelain,9,ware,0.01616901844118744,21,2,1.0
Porcelain,10,sung,0.016064962653638652,21,2,1.0
Porcelain,11,vessels,0.015648739503443507,21,2,1.0
Porcelain,12,porcelain,0.015085246140269477,20,2,1.0
Porcelain,13,clay,0.014946505090204426,20,2,1.0
Porcelain,14,kuan,0.014500008484535224,14,1,0.5
Porcelain,15,pieces,0.013819518363856365,18,2,1.0
Porcelain,16,mouth,0.01346429359278271,13,1,0.5
Porcelain,17,body,0.013368609951144955,18,2,1.0
Porcelain,18,hobson,0.013333924688628693,18,2,1.0
Porcelain,19,shape,0.013299239426112431,18,2,1.0
Porcelain,20,vase,0.012562319750357088,17,2,1.0
Porcelain,21,bronzes,0.01189477059963427,16,2,1.0
Porcelain,22,yin,0.01189477059963427,16,2,1.0
Porcelain,23,chih,0.011392863809277677,11,1,0.5
Porcelain,24,fang,0.011392863809277677,11,1,0.5
Porcelain,25,han,0.011296591973943976,15,2,1.0
Science,1,science,0.013986013986013986,16,1,1.0
Science,2,astronomical,0.012237762237762238,14,1,1.0
Science,3,century,0.011363636363636364,13,1,1.0
Science,4,works,0.01048951048951049,12,1,1.0
Science,5,european,0.009615384615384616,11,1,1.0
Science,6,sun,0.009615384615384616,11,1,1.0
Science,7,chou,0.006993006993006993,8,1,1.0
Science,8,calculations,0.006118881118881119,7,1,1.0
Science,9,original,0.006118881118881119,7,1,1.0
Science,10,ricci,0.005244755244755245,6,1,1.0
Science,11,studies,0.005244755244755245,6,1,1.0
Science,12,historical,0.005244755244755245,6,1,1.0
Science,13,biot,0.005244755244755245,6,1,1.0
Science,14,fourth,0.005244755244755245,6,1,1.0
Science,15,study,0.005244755244755245,6,1,1.0
Science,16,ancient_chinese,0.005244755244755245,6,1,1.0
Science,17,scientific,0.004370629370629371,5,1,1.0
Science,18,real,0.004370629370629371,5,1,1.0
Science,19,gaubil,0.004370629370629371,5,1,1.0
Science,20,chinoise,0.004370629370629371,5,1,1.0
Science,21,astronomers,0.004370629370629371,5,1,1.0
Science,22,centuries,0.004370629370629371,5,1,1.0
Science,23,eclipses,0.004370629370629371,5,1,1.0
Science,24,mathematical,0.004370629370629371,5,1,1.0
Science,25,historians,0.004370629370629371,5,1,1.0
East Asian languages,1,manchu,0.1538627594935453,99,1,0.25
East Asian languages,2,language,0.05165435265115733,67,4,1.0
East Asian languages,3,characters,0.04763932282995186,23,3,0.75
East Asian languages,4,words,0.04222706364056452,72,4,1.0
East Asian languages,5,writing,0.037566214603398276,14,2,0.5
East Asian languages,6,terms,0.0368694705507293,40,1,0.25
East Asian languages,7,forms,0.030964142821537963,30,4,1.0
East Asian languages,8,manchu_language,0.02952921646845819,19,1,0.25
East Asian languages,9,ideas,0.027668519527969053,32,2,0.5
East Asian languages,10,english,0.027307587136208296,35,4,1.0
East Asian languages,11,word,0.025376069512409095,35,3,0.75
East Asian languages,12,wade,0.025362586853291298,25,3,0.75
East Asian languages,13,sounds,0.02411825293410263,13,2,0.5
East Asian languages,14,alphabet,0.024079260038251015,10,2,0.5
East Asian languages,15,phonetic,0.022326873424684264,10,2,0.5
East Asian languages,16,new_terms,0.022121682330437577,24,1,0.25
East Asian languages,17,meaning,0.020734524848021685,18,3,0.75
East Asian languages,18,peking,0.0183516564226438,22,4,1.0
East Asian languages,19,grammar,0.01709586216594948,11,1,0.25
East Asian languages,20,employed,0.01672406646689461,13,3,0.75
East Asian languages,21,standard,0.016265796490253406,11,3,0.75
East Asian languages,22,term,0.01566952498405995,17,1,0.25
East Asian languages,23,initial,0.014982726597921462,10,1,0.25
East Asian languages,24,japanese,0.01448041600794961,13,3,0.75
East Asian languages,25,knowledge,0.014433372734179684,13,2,0.5
Medicine,1,arsenic,0.039500473547370046,31,2,0.6666666666666666
Medicine,2,medical,0.039257629730817895,132,2,0.6666666666666666
Medicine,3,hospital,0.027668797014145652,91,2,0.6666666666666666
Medicine,4,pulse,0.016655122837794002,59,2,0.6666666666666666
Medicine,5,medicine,0.014123472407754434,59,3,1.0
Medicine,6,missionary,0.013677121439543393,34,1,0.3333333333333333
Medicine,7,employed,0.013291197198057143,16,3,1.0
Medicine,8,poison,0.013081711108079049,7,1,0.3333333333333333
Medicine,9,mother,0.012496103374540206,12,2,0.6666666666666666
Medicine,10,parker,0.012068048329008877,30,1,0.3333333333333333
Medicine,11,canton,0.011891515972553297,43,3,1.0
Medicine,12,tobacco,0.01165172168768658,9,2,0.6666666666666666
Medicine,13,diseases,0.011234425128115564,47,3,1.0
Medicine,14,chin,0.011060840904612408,15,2,0.6666666666666666
Medicine,15,disease,0.010732517647265228,29,1,0.3333333333333333
Medicine,16,practice,0.0107117356531809,44,3,1.0
Medicine,17,patients,0.010254954399758539,34,2,0.6666666666666666
Medicine,18,macao,0.009654438663207102,24,1,0.3333333333333333
Medicine,19,blood,0.00962225720099641,26,1,0.3333333333333333
Medicine,20,shanghai,0.009603892006878983,26,3,1.0
Medicine,21,poisoning,0.009372077530905154,9,2,0.6666666666666666
Medicine,22,adopted,0.009344079362913607,5,1,0.3333333333333333
Medicine,23,fields,0.009344079362913607,5,1,0.3333333333333333
Medicine,24,wang,0.009056751615506979,13,3,1.0
Medicine,25,body,0.008492766531542276,30,2,0.6666666666666666
"Chronology, Historical",1,yuan,0.09332521041400942,12,2,0.5
"Chronology, Historical",2,week,0.06753447513212882,40,1,0.25
"Chronology, Historical",3,hao,0.06584095615609413,13,2,0.5
"Chronology, Historical",4,nien,0.06414339927545819,12,2,0.5
"Chronology, Historical",5,moslem,0.054751163767833004,7,1,0.25
"Chronology, Historical",6,reign,0.05315451778079696,26,3,0.75
"Chronology, Historical",7,nien_hao,0.0500577189682766,8,2,0.5
"Chronology, Historical",8,hegira,0.04692956894385686,6,1,0.25
"Chronology, Historical",9,table,0.04615737994491068,10,2,0.5
"Chronology, Historical",10,shih,0.04615737994491068,10,2,0.5
"Chronology, Historical",11,chih,0.0456259698065275,4,1,0.25
"Chronology, Historical",12,chih_yuan,0.0456259698065275,4,1,0.25
"Chronology, Historical",13,date,0.04506502868778047,12,3,0.75
"Chronology, Historical",14,tables,0.038756441768241334,18,1,0.25
"Chronology, Historical",15,tsung,0.03766959554173096,5,2,0.5
"Chronology, Historical",16,lunar,0.03748879548318021,10,2,0.5
"Chronology, Historical",17,emperor,0.0366591450175429,13,2,0.5
"Chronology, Historical",18,titles,0.0366591450175429,13,2,0.5
"Chronology, Historical",19,moon,0.034284363719506196,20,2,0.5
"Chronology, Historical",20,moule,0.034219477354895625,3,1,0.25
"Chronology, Historical",21,kubilai,0.034219477354895625,3,1,0.25
"Chronology, Historical",22,yuan_shih,0.034219477354895625,3,1,0.25
"Chronology, Historical",23,column,0.03376925651836504,7,2,0.5
"Chronology, Historical",24,gives,0.03314566419486612,4,2,0.5
"Chronology, Historical",25,title,0.03275880599417698,15,2,0.5
Painting,1,scroll,0.02962616163803045,25,1,0.5
Painting,2,ink,0.02688048020971899,21,1,0.5
Painting,3,giles,0.024885975775945576,21,1,0.5
Painting,4,painting,0.02131731156141628,24,2,1.0
Painting,5,chih,0.018820053016829617,22,2,1.0
Painting,6,tung,0.01774190080385309,20,2,1.0
Painting,7,wang,0.016325866130969386,18,2,1.0
Painting,8,chang,0.013828607586382723,16,2,1.0
Painting,9,yuan,0.01352604920182948,15,2,1.0
Painting,10,museum,0.012985437265978,15,2,1.0
Painting,11,remains,0.01280022867129476,10,1,0.5
Painting,12,british,0.011850464655212178,10,1,0.5
Painting,13,text,0.011850464655212178,10,1,0.5
Painting,14,british_museum,0.011850464655212178,10,1,0.5
Painting,15,hills,0.011520205804165282,9,1,0.5
Painting,16,swords,0.01066541818969096,9,1,0.5
Painting,17,translation,0.01025319682881953,12,2,1.0
Painting,18,meaning,0.01025319682881953,12,2,1.0
Painting,19,artists,0.010240182937035805,8,1,0.5
Painting,20,snow,0.010240182937035805,8,1,0.5
Painting,21,river,0.009950638444266288,11,2,1.0
Painting,22,chao,0.009950638444266288,11,2,1.0
Painting,23,paintings,0.009883061952284854,11,2,1.0
Painting,24,collection,0.009680332476340548,11,2,1.0
Painting,25,hsiang,0.009477603000396243,11,2,1.0
Judaism,1,heaven,0.013842482100238664,29,1,1.0
Judaism,2,monument,0.012410501193317422,26,1,1.0
Judaism,3,tao,0.012410501193317422,26,1,1.0
Judaism,4,jewish,0.011933174224343675,25,1,1.0
Judaism,5,temple,0.011933174224343675,25,1,1.0
Judaism,6,honor,0.011933174224343675,25,1,1.0
Judaism,7,religion,0.008591885441527447,18,1,1.0
Judaism,8,worship,0.008114558472553698,17,1,1.0
Judaism,9,jews,0.0076372315035799524,16,1,1.0
Judaism,10,true,0.006682577565632458,14,1,1.0
Judaism,11,books,0.006205250596658711,13,1,1.0
Judaism,12,pure,0.006205250596658711,13,1,1.0
Judaism,13,doctrine,0.005727923627684964,12,1,1.0
Judaism,14,faith,0.005250596658711217,11,1,1.0
Judaism,15,scriptures,0.00477326968973747,10,1,1.0
Judaism,16,abraham,0.0042959427207637235,9,1,1.0
Judaism,17,kao,0.0042959427207637235,9,1,1.0
Judaism,18,stone,0.0038186157517899762,8,1,1.0
Judaism,19,set,0.0038186157517899762,8,1,1.0
Judaism,20,ancestors,0.0038186157517899762,8,1,1.0
Judaism,21,moses,0.003341288782816229,7,1,1.0
Judaism,22,jung,0.003341288782816229,7,1,1.0
Judaism,23,practised,0.003341288782816229,7,1,1.0
Judaism,24,tablet,0.002863961813842482,6,1,1.0
Judaism,25,coming,0.002863961813842482,6,1,1.0
