time_window,bigram,term_count,article_count,share
1858-1867,overland journey,4,4,0.014545454545454545
1858-1867,retrospect events,4,4,0.014545454545454545
1858-1867,journey peking,4,4,0.014545454545454545
1858-1867,peking shanghai,3,3,0.01090909090909091
1858-1867,february march,3,3,0.01090909090909091
1858-1867,state magnetic,2,2,0.007272727272727273
1858-1867,magnetic elements,2,2,0.007272727272727273
1858-1867,island formosa,2,2,0.007272727272727273
1858-1867,canton hankow,2,2,0.007272727272727273
1858-1867,events north,2,2,0.007272727272727273
1858-1867,events japan,2,2,0.007272727272727273
1858-1867,shanghai february,2,2,0.007272727272727273
1858-1867,grand canal,2,2,0.007272727272727273
1858-1867,buddhist shastra,1,1,0.0036363636363636364
1858-1867,coins qing,1,1,0.0036363636363636364
1858-1867,qing dynasty,1,1,0.0036363636363636364
1858-1867,ethnology eastern,1,1,0.0036363636363636364
1858-1867,eastern asia,1,1,0.0036363636363636364
1858-1867,cyclones law,1,1,0.0036363636363636364
1858-1867,law storms,1,1,0.0036363636363636364
1858-1867,visit simoda,1,1,0.0036363636363636364
1858-1867,simoda hakodadi,1,1,0.0036363636363636364
1858-1867,hakodadi japan,1,1,0.0036363636363636364
1858-1867,elements palces,1,1,0.0036363636363636364
1858-1867,palces adjacent,1,1,0.0036363636363636364
1858-1867,musical notation,1,1,0.0036363636363636364
1858-1867,character writings,1,1,0.0036363636363636364
1858-1867,writings mozi,1,1,0.0036363636363636364
1858-1867,sailing directions,1,1,0.0036363636363636364
1858-1867,directions yangtze,1,1,0.0036363636363636364
1858-1867,yangtze kiang,1,1,0.0036363636363636364
1858-1867,kiang woosung,1,1,0.0036363636363636364
1858-1867,woosung hankow,1,1,0.0036363636363636364
1858-1867,study natural,1,1,0.0036363636363636364
1858-1867,natural sciences,1,1,0.0036363636363636364
1858-1867,sciences japan,1,1,0.0036363636363636364
1858-1867,thermometrical taken,1,1,0.0036363636363636364
1858-1867,taken passage,1,1,0.0036363636363636364
1858-1867,passage nagasaki,1,1,0.0036363636363636364
1858-1867,nagasaki shanghai,1,1,0.0036363636363636364
1858-1867,narrative visit,1,1,0.0036363636363636364
1858-1867,visit island,1,1,0.0036363636363636364
1858-1867,species birds,1,1,0.0036363636363636364
1858-1867,birds found,1,1,0.0036363636363636364
1858-1867,found island,1,1,0.0036363636363636364
1858-1867,small lark,1,1,0.0036363636363636364
1858-1867,banishment criminals,1,1,0.0036363636363636364
1858-1867,meteorological tables,1,1,0.0036363636363636364
1858-1867,tables made,1,1,0.0036363636363636364
1858-1867,made japan,1,1,0.0036363636363636364
1858-1867,sketch tauist,1,1,0.0036363636363636364
1858-1867,tauist mythology,1,1,0.0036363636363636364
1858-1867,mythology modern,1,1,0.0036363636363636364
1858-1867,modern form,1,1,0.0036363636363636364
1858-1867,narrative american,1,1,0.0036363636363636364
1858-1867,american embassy,1,1,0.0036363636363636364
1858-1867,embassy peking,1,1,0.0036363636363636364
1858-1867,sketches miau,1,1,0.0036363636363636364
1858-1867,miau tsze,1,1,0.0036363636363636364
1858-1867,ancient mouths,1,1,0.0036363636363636364
1858-1867,mouths yangts,1,1,0.0036363636363636364
1858-1867,yangts kiang,1,1,0.0036363636363636364
1858-1867,cosmical phenomena,1,1,0.0036363636363636364
1858-1867,phenomena observed,1,1,0.0036363636363636364
1858-1867,observed neighborhood,1,1,0.0036363636363636364
1858-1867,neighborhood shanghai,1,1,0.0036363636363636364
1858-1867,shanghai past,1,1,0.0036363636363636364
1858-1867,past thirteen,1,1,0.0036363636363636364
1858-1867,thirteen centuries,1,1,0.0036363636363636364
1858-1867,sketch life,1,1,0.0036363636363636364
1858-1867,life confucius,1,1,0.0036363636363636364
1858-1867,ethics special,1,1,0.0036363636363636364
1858-1867,special reference,1,1,0.0036363636363636364
1858-1867,reference doctrine,1,1,0.0036363636363636364
1858-1867,doctrine human,1,1,0.0036363636363636364
1858-1867,human nature,1,1,0.0036363636363636364
1858-1867,nature sin,1,1,0.0036363636363636364
1858-1867,dissection japanese,1,1,0.0036363636363636364
1858-1867,japanese criminal,1,1,0.0036363636363636364
1858-1867,mineral resources,1,1,0.0036363636363636364
1858-1867,resources japan,1,1,0.0036363636363636364
1858-1867,japan etc,1,1,0.0036363636363636364
1858-1867,record occurrences,1,1,0.0036363636363636364
1858-1867,supplemental state,1,1,0.0036363636363636364
1858-1867,elements places,1,1,0.0036363636363636364
1858-1867,places adjacent,1,1,0.0036363636363636364
1858-1867,temperature hakodadi,1,1,0.0036363636363636364
1858-1867,winds weather,1,1,0.0036363636363636364
1858-1867,weather chefoo,1,1,0.0036363636363636364
1858-1867,city yedo,1,1,0.0036363636363636364
1858-1867,yedo capital,1,1,0.0036363636363636364
1858-1867,capital japan,1,1,0.0036363636363636364
1858-1867,physical causes,1,1,0.0036363636363636364
1858-1867,causes modify,1,1,0.0036363636363636364
1858-1867,modify climate,1,1,0.0036363636363636364
1858-1867,narrative overland,1,1,0.0036363636363636364
1858-1867,overland trip,1,1,0.0036363636363636364
1858-1867,trip hunan,1,1,0.0036363636363636364
1858-1867,hunan canton,1,1,0.0036363636363636364
1858-1867,journey petersburg,1,1,0.0036363636363636364
1858-1867,petersburg pekin,1,1,0.0036363636363636364
1858-1867,medicine medical,1,1,0.0036363636363636364
1858-1867,medical practice,1,1,0.0036363636363636364
1858-1867,sea-board russian,1,1,0.0036363636363636364
1858-1867,russian manchuria,1,1,0.0036363636363636364
1858-1867,impressions lapidary,1,1,0.0036363636363636364
1858-1867,lapidary inscription,1,1,0.0036363636363636364
1858-1867,inscription keu,1,1,0.0036363636363636364
1858-1867,keu yung,1,1,0.0036363636363636364
1858-1867,yung kwan,1,1,0.0036363636363636364
1858-1867,kwan great,1,1,0.0036363636363636364
1858-1867,great wall,1,1,0.0036363636363636364
1858-1867,wall near,1,1,0.0036363636363636364
1858-1867,near peking,1,1,0.0036363636363636364
1858-1867,condition sea,1,1,0.0036363636363636364
1858-1867,sea wall,1,1,0.0036363636363636364
1858-1867,wall head,1,1,0.0036363636363636364
1858-1867,head hang,1,1,0.0036363636363636364
1858-1867,hang chow,1,1,0.0036363636363636364
1858-1867,chow bay,1,1,0.0036363636363636364
1858-1867,appearance rugged,1,1,0.0036363636363636364
1858-1867,rugged islands,1,1,0.0036363636363636364
1858-1867,barometric thermometric,1,1,0.0036363636363636364
1858-1867,thermometric taken,1,1,0.0036363636363636364
1858-1867,taken september,1,1,0.0036363636363636364
1858-1867,september view,1,1,0.0036363636363636364
1858-1867,view determining,1,1,0.0036363636363636364
1858-1867,determining height,1,1,0.0036363636363636364
1858-1867,height lew,1,1,0.0036363636363636364
1858-1867,lew shan,1,1,0.0036363636363636364
1858-1867,specimen font,1,1,0.0036363636363636364
1858-1867,font movable,1,1,0.0036363636363636364
1858-1867,movable type,1,1,0.0036363636363636364
1858-1867,type belonging,1,1,0.0036363636363636364
1858-1867,belonging american,1,1,0.0036363636363636364
1858-1867,american presbyterian,1,1,0.0036363636363636364
1858-1867,presbyterian mission,1,1,0.0036363636363636364
1858-1867,geology great,1,1,0.0036363636363636364
1858-1867,great plain,1,1,0.0036363636363636364
1858-1867,sketch geology,1,1,0.0036363636363636364
1858-1867,geology quang,1,1,0.0036363636363636364
1858-1867,quang tung,1,1,0.0036363636363636364
1858-1867,tung province,1,1,0.0036363636363636364
1858-1867,birds beasts,1,1,0.0036363636363636364
1858-1867,beasts formosa,1,1,0.0036363636363636364
1858-1867,annals western,1,1,0.0036363636363636364
1858-1867,western ocean,1,1,0.0036363636363636364
1858-1867,sorgo northern,1,1,0.0036363636363636364
1858-1867,northern sugar,1,1,0.0036363636363636364
1858-1867,sugar cane,1,1,0.0036363636363636364
1858-1867,visit agricultural,1,1,0.0036363636363636364
1858-1867,agricultural mongols,1,1,0.0036363636363636364
1858-1867,remains ancient,1,1,0.0036363636363636364
1858-1867,ancient kambodia,1,1,0.0036363636363636364
1858-1867,hieroglyphic character,1,1,0.0036363636363636364
1858-1867,character written,1,1,0.0036363636363636364
1858-1867,written lan,1,1,0.0036363636363636364
1858-1867,respecting grass,1,1,0.0036363636363636364
1858-1867,funeral rites,1,1,0.0036363636363636364
1858-1867,rites performed,1,1,0.0036363636363636364
1858-1867,performed obsequies,1,1,0.0036363636363636364
1858-1867,obsequies takee,1,1,0.0036363636363636364
1858-1867,traces judicium,1,1,0.0036363636363636364
1858-1867,judicium dei,1,1,0.0036363636363636364
1858-1867,dei ordeal,1,1,0.0036363636363636364
1858-1867,ordeal law,1,1,0.0036363636363636364
1858-1867,water use,1,1,0.0036363636363636364
1858-1867,use shanghai,1,1,0.0036363636363636364
1858-1867,exhibiting pall,1,1,0.0036363636363636364
1858-1867,peking chefoo,1,1,0.0036363636363636364
1858-1867,chefoo via,1,1,0.0036363636363636364
1858-1867,via grand,1,1,0.0036363636363636364
1858-1867,canal yen,1,1,0.0036363636363636364
1858-1867,yen chow,1,1,0.0036363636363636364
1858-1867,chow foo,1,1,0.0036363636363636364
1858-1867,shanghai made,1,1,0.0036363636363636364
1858-1867,made february,1,1,0.0036363636363636364
1858-1867,japanese manuscript,1,1,0.0036363636363636364
1858-1867,description great,1,1,0.0036363636363636364
1858-1867,great examination,1,1,0.0036363636363636364
1858-1867,examination hall,1,1,0.0036363636363636364
1858-1867,hall canton,1,1,0.0036363636363636364
1858-1867,opinions regard,1,1,0.0036363636363636364
1858-1867,regard eclipses,1,1,0.0036363636363636364
1858-1867,wild silkworms,1,1,0.0036363636363636364
1858-1867,political intercourse,1,1,0.0036363636363636364
1858-1867,intercourse lewchew,1,1,0.0036363636363636364
1858-1867,outlying coal-fields,1,1,0.0036363636363636364
1858-1867,coal-fields south-eastern,1,1,0.0036363636363636364
1858-1867,south-eastern provinces,1,1,0.0036363636363636364
1858-1867,short sketch,1,1,0.0036363636363636364
1858-1867,sketch game,1,1,0.0036363636363636364
1858-1867,game chess,1,1,0.0036363636363636364
1858-1867,chess seang,1,1,0.0036363636363636364
1858-1867,seang kh'e,1,1,0.0036363636363636364
1858-1867,sketch journey,1,1,0.0036363636363636364
1858-1867,journey canton,1,1,0.0036363636363636364
1858-1867,hankow provinces,1,1,0.0036363636363636364
1858-1867,provinces kwangtung,1,1,0.0036363636363636364
1858-1867,kwangtung kwangsi,1,1,0.0036363636363636364
1858-1867,kwangsi hunan,1,1,0.0036363636363636364
1858-1867,hunan geological,1,1,0.0036363636363636364
1858-1867,trans inscription,1,1,0.0036363636363636364
1858-1867,inscription tablet,1,1,0.0036363636363636364
1858-1867,tablet hangkow,1,1,0.0036363636363636364
1858-1867,hangkow recording,1,1,0.0036363636363636364
1858-1867,recording changing,1,1,0.0036363636363636364
1858-1867,changing t'ien,1,1,0.0036363636363636364
1858-1867,t'ien chu,1,1,0.0036363636363636364
1858-1867,chu tang,1,1,0.0036363636363636364
1858-1867,tang roman,1,1,0.0036363636363636364
1858-1867,roman catholic,1,1,0.0036363636363636364
1858-1867,catholic church,1,1,0.0036363636363636364
1858-1867,church t'ien,1,1,0.0036363636363636364
1858-1867,t'ien hao,1,1,0.0036363636363636364
1858-1867,hao tung,1,1,0.0036363636363636364
1858-1867,north productions,1,1,0.0036363636363636364
1858-1867,productions communications,1,1,0.0036363636363636364
1858-1867,productions chiefly,1,1,0.0036363636363636364
1858-1867,chiefly mineral,1,1,0.0036363636363636364
1858-1867,mineral shantung,1,1,0.0036363636363636364
1858-1867,entomology shanghai,1,1,0.0036363636363636364
1858-1867,portion bed,1,1,0.0036363636363636364
1858-1867,bed yellow,1,1,0.0036363636363636364
1858-1867,yellow river,1,1,0.0036363636363636364
1858-1867,river water,1,1,0.0036363636363636364
1858-1867,water supply,1,1,0.0036363636363636364
1858-1867,supply grand,1,1,0.0036363636363636364
1858-1867,eclipses recorded,1,1,0.0036363636363636364
1858-1867,recorded works,1,1,0.0036363636363636364
1858-1867,chronological tables,1,1,0.0036363636363636364
1858-1867,christianity hung,1,1,0.0036363636363636364
1858-1867,hung tsiu,1,1,0.0036363636363636364
1858-1867,tsiu tsuen,1,1,0.0036363636363636364
1858-1867,tsuen taeping,1,1,0.0036363636363636364
1858-1867,taeping books,1,1,0.0036363636363636364
1858-1867,carte agricole,1,1,0.0036363636363636364
1858-1867,agricole generale,1,1,0.0036363636363636364
1858-1867,generale l'empire,1,1,0.0036363636363636364
1858-1867,l'empire chinois,1,1,0.0036363636363636364
1858-1867,chinois texte,1,1,0.0036363636363636364
1858-1867,texte preface,1,1,0.0036363636363636364
1858-1867,preface legende,1,1,0.0036363636363636364
1858-1867,legende repertoire,1,1,0.0036363636363636364
1858-1867,notions pigeons,1,1,0.0036363636363636364
1858-1867,pigeons doves,1,1,0.0036363636363636364
1858-1867,bituminous coal,1,1,0.0036363636363636364
1858-1867,coal mines,1,1,0.0036363636363636364
1858-1867,mines west,1,1,0.0036363636363636364
1858-1867,west peking,1,1,0.0036363636363636364
1858-1867,flood han,1,1,0.0036363636363636364
1858-1867,han river,1,1,0.0036363636363636364
1858-1867,river hankow,1,1,0.0036363636363636364
1858-1867,hankow times,1,1,0.0036363636363636364
1868-1877,retrospect events,5,5,0.02100840336134454
1868-1877,sur les,2,2,0.008403361344537815
1868-1877,sze chuen,2,2,0.008403361344537815
1868-1877,events japan,2,2,0.008403361344537815
1868-1877,marco polo,2,2,0.008403361344537815
1868-1877,les petites,1,1,0.004201680672268907
1868-1877,petites societes,1,1,0.004201680672268907
1868-1877,societes d'argent,1,1,0.004201680672268907
1868-1877,d'argent chine,1,1,0.004201680672268907
1868-1877,coal fields,1,1,0.004201680672268907
1868-1877,fields general,1,1,0.004201680672268907
1868-1877,general geology,1,1,0.004201680672268907
1868-1877,geology neighbourhood,1,1,0.004201680672268907
1868-1877,neighbourhood nagasaki,1,1,0.004201680672268907
1868-1877,notions ancient,1,1,0.004201680672268907
1868-1877,ancient respecting,1,1,0.004201680672268907
1868-1877,respecting music,1,1,0.004201680672268907
1868-1877,recent elevations,1,1,0.004201680672268907
1868-1877,elevations land,1,1,0.004201680672268907
1868-1877,land japan,1,1,0.004201680672268907
1868-1877,lok ping,1,1,0.004201680672268907
1868-1877,ping chiung,1,1,0.004201680672268907
1868-1877,chiung late,1,1,0.004201680672268907
1868-1877,late governor,1,1,0.004201680672268907
1868-1877,governor general,1,1,0.004201680672268907
1868-1877,general sze,1,1,0.004201680672268907
1868-1877,sur quelques,1,1,0.004201680672268907
1868-1877,quelques unes,1,1,0.004201680672268907
1868-1877,unes des,1,1,0.004201680672268907
1868-1877,des recherches,1,1,0.004201680672268907
1868-1877,recherches que,1,1,0.004201680672268907
1868-1877,que l'on,1,1,0.004201680672268907
1868-1877,l'on pourrait,1,1,0.004201680672268907
1868-1877,pourrait faire,1,1,0.004201680672268907
1868-1877,faire chine,1,1,0.004201680672268907
1868-1877,chine japon,1,1,0.004201680672268907
1868-1877,japon point,1,1,0.004201680672268907
1868-1877,point vue,1,1,0.004201680672268907
1868-1877,vue geologie,1,1,0.004201680672268907
1868-1877,geologie paleontologie,1,1,0.004201680672268907
1868-1877,itinerary jouney,1,1,0.004201680672268907
1868-1877,jouney provinces,1,1,0.004201680672268907
1868-1877,provinces hoo,1,1,0.004201680672268907
1868-1877,hoo pih,1,1,0.004201680672268907
1868-1877,pih sze,1,1,0.004201680672268907
1868-1877,chuen shen,1,1,0.004201680672268907
1868-1877,exploration course,1,1,0.004201680672268907
1868-1877,course yellow,1,1,0.004201680672268907
1868-1877,yellow river,1,1,0.004201680672268907
1868-1877,shantung province,1,1,0.004201680672268907
1868-1877,province journey,1,1,0.004201680672268907
1868-1877,journey chefoo,1,1,0.004201680672268907
1868-1877,chefoo tsiuhsien,1,1,0.004201680672268907
1868-1877,tsiuhsien city,1,1,0.004201680672268907
1868-1877,city mencius,1,1,0.004201680672268907
1868-1877,wen ch'ang,1,1,0.004201680672268907
1868-1877,ch'ang god,1,1,0.004201680672268907
1868-1877,god literature,1,1,0.004201680672268907
1868-1877,literature history,1,1,0.004201680672268907
1868-1877,history worship,1,1,0.004201680672268907
1868-1877,fabulous source,1,1,0.004201680672268907
1868-1877,source hoang-ho,1,1,0.004201680672268907
1868-1877,les institutions,1,1,0.004201680672268907
1868-1877,institutions dit,1,1,0.004201680672268907
1868-1877,dit chine,1,1,0.004201680672268907
1868-1877,introduction use,1,1,0.004201680672268907
1868-1877,use gunpower,1,1,0.004201680672268907
1868-1877,gunpower firearms,1,1,0.004201680672268907
1868-1877,firearms among,1,1,0.004201680672268907
1868-1877,among ancient,1,1,0.004201680672268907
1868-1877,ancient engines,1,1,0.004201680672268907
1868-1877,engines warfare,1,1,0.004201680672268907
1868-1877,game chess,1,1,0.004201680672268907
1868-1877,chess compared,1,1,0.004201680672268907
1868-1877,compared practised,1,1,0.004201680672268907
1868-1877,practised western,1,1,0.004201680672268907
1868-1877,western nations,1,1,0.004201680672268907
1868-1877,chihkiang miautsz,1,1,0.004201680672268907
1868-1877,provincial examination,1,1,0.004201680672268907
1868-1877,examination chekiang,1,1,0.004201680672268907
1868-1877,chekiang version,1,1,0.004201680672268907
1868-1877,version one,1,1,0.004201680672268907
1868-1877,one essays,1,1,0.004201680672268907
1868-1877,chemical manufactures,1,1,0.004201680672268907
1868-1877,mission lewchew,1,1,0.004201680672268907
1868-1877,trans inscriptions,1,1,0.004201680672268907
1868-1877,inscriptions stone,1,1,0.004201680672268907
1868-1877,stone tablet,1,1,0.004201680672268907
1868-1877,tablet commemorating,1,1,0.004201680672268907
1868-1877,commemorating repairs,1,1,0.004201680672268907
1868-1877,repairs ch'eng,1,1,0.004201680672268907
1868-1877,ch'eng hwang,1,1,0.004201680672268907
1868-1877,hwang miau,1,1,0.004201680672268907
1868-1877,miau temple,1,1,0.004201680672268907
1868-1877,temple tutelary,1,1,0.004201680672268907
1868-1877,tutelary deity,1,1,0.004201680672268907
1868-1877,deity city,1,1,0.004201680672268907
1868-1877,example torture,1,1,0.004201680672268907
1868-1877,historical statistical,1,1,0.004201680672268907
1868-1877,statistical sketch,1,1,0.004201680672268907
1868-1877,sketch island,1,1,0.004201680672268907
1868-1877,island hainan,1,1,0.004201680672268907
1868-1877,aborigines hainan,1,1,0.004201680672268907
1868-1877,narrative exploring,1,1,0.004201680672268907
1868-1877,exploring visit,1,1,0.004201680672268907
1868-1877,visit hainan,1,1,0.004201680672268907
1868-1877,mythical origin,1,1,0.004201680672268907
1868-1877,origin chow,1,1,0.004201680672268907
1868-1877,chow djow,1,1,0.004201680672268907
1868-1877,djow dynasty,1,1,0.004201680672268907
1868-1877,dynasty set,1,1,0.004201680672268907
1868-1877,set forth,1,1,0.004201680672268907
1868-1877,forth shoo-king,1,1,0.004201680672268907
1868-1877,obligations europe,1,1,0.004201680672268907
1868-1877,europe matter,1,1,0.004201680672268907
1868-1877,matter physical,1,1,0.004201680672268907
1868-1877,physical science,1,1,0.004201680672268907
1868-1877,science acknowledged,1,1,0.004201680672268907
1868-1877,acknowledged eminent,1,1,0.004201680672268907
1868-1877,life works,1,1,0.004201680672268907
1868-1877,works han,1,1,0.004201680672268907
1868-1877,han wen-kung,1,1,0.004201680672268907
1868-1877,antiquities cambodia,1,1,0.004201680672268907
1868-1877,quelques renseignments,1,1,0.004201680672268907
1868-1877,renseignments sur,1,1,0.004201680672268907
1868-1877,sur l'histoire,1,1,0.004201680672268907
1868-1877,l'histoire naturelle,1,1,0.004201680672268907
1868-1877,naturelle chine,1,1,0.004201680672268907
1868-1877,chine septentrionale,1,1,0.004201680672268907
1868-1877,septentrionale occidentale,1,1,0.004201680672268907
1868-1877,use shad,1,1,0.004201680672268907
1868-1877,shad consumption,1,1,0.004201680672268907
1868-1877,consumption iodine,1,1,0.004201680672268907
1868-1877,iodine plants,1,1,0.004201680672268907
1868-1877,plants scrofula,1,1,0.004201680672268907
1868-1877,mutton wine,1,1,0.004201680672268907
1868-1877,wine mongols,1,1,0.004201680672268907
1868-1877,mongols analagous,1,1,0.004201680672268907
1868-1877,analagous preparations,1,1,0.004201680672268907
1868-1877,events etc,1,1,0.004201680672268907
1868-1877,meteorological april,1,1,0.004201680672268907
1868-1877,april december,1,1,0.004201680672268907
1868-1877,recollections prior,1,1,0.004201680672268907
1868-1877,legend wen,1,1,0.004201680672268907
1868-1877,wen wang,1,1,0.004201680672268907
1868-1877,wang founder,1,1,0.004201680672268907
1868-1877,founder dynasty,1,1,0.004201680672268907
1868-1877,dynasty chows,1,1,0.004201680672268907
1868-1877,history shanghai,1,1,0.004201680672268907
1868-1877,fox myths,1,1,0.004201680672268907
1868-1877,brief french,1,1,0.004201680672268907
1868-1877,french expedition,1,1,0.004201680672268907
1868-1877,expedition indo,1,1,0.004201680672268907
1868-1877,visit city,1,1,0.004201680672268907
1868-1877,city confucius,1,1,0.004201680672268907
1868-1877,short instruments,1,1,0.004201680672268907
1868-1877,instruments music,1,1,0.004201680672268907
1868-1877,stone drums,1,1,0.004201680672268907
1868-1877,drums chou,1,1,0.004201680672268907
1868-1877,chou dynasty,1,1,0.004201680672268907
1868-1877,col yule,1,1,0.004201680672268907
1868-1877,yule edition,1,1,0.004201680672268907
1868-1877,edition marco,1,1,0.004201680672268907
1868-1877,polo quinsay,1,1,0.004201680672268907
1868-1877,legends ancient,1,1,0.004201680672268907
1868-1877,ancient mazdayacnian,1,1,0.004201680672268907
1868-1877,mazdayacnian prophets,1,1,0.004201680672268907
1868-1877,prophets story,1,1,0.004201680672268907
1868-1877,story zoroaster,1,1,0.004201680672268907
1868-1877,aborigines northern,1,1,0.004201680672268907
1868-1877,northern formosa,1,1,0.004201680672268907
1868-1877,miao lien,1,1,0.004201680672268907
1868-1877,lien hua,1,1,0.004201680672268907
1868-1877,hua ching,1,1,0.004201680672268907
1868-1877,ching buddhist,1,1,0.004201680672268907
1868-1877,buddhist sutra,1,1,0.004201680672268907
1868-1877,narrative recent,1,1,0.004201680672268907
1868-1877,recent events,1,1,0.004201680672268907
1868-1877,events tong,1,1,0.004201680672268907
1868-1877,tong king,1,1,0.004201680672268907
1868-1877,elucidations marco,1,1,0.004201680672268907
1868-1877,polo travels,1,1,0.004201680672268907
1868-1877,travels north,1,1,0.004201680672268907
1868-1877,north drawn,1,1,0.004201680672268907
1868-1877,drawn sources,1,1,0.004201680672268907
1868-1877,made tour,1,1,0.004201680672268907
1868-1877,tour shan,1,1,0.004201680672268907
1868-1877,shan hsi,1,1,0.004201680672268907
1868-1877,hsi shen,1,1,0.004201680672268907
1868-1877,shen hsi,1,1,0.004201680672268907
1868-1877,short identification,1,1,0.004201680672268907
1868-1877,identification yue,1,1,0.004201680672268907
1868-1877,yue kiang,1,1,0.004201680672268907
1868-1877,kiang tribes,1,1,0.004201680672268907
1868-1877,tribes ancient,1,1,0.004201680672268907
1868-1877,ancient history,1,1,0.004201680672268907
1868-1877,mediaeval geography,1,1,0.004201680672268907
1868-1877,geography history,1,1,0.004201680672268907
1868-1877,history central,1,1,0.004201680672268907
1868-1877,central western,1,1,0.004201680672268907
1868-1877,western asia,1,1,0.004201680672268907
1868-1877,list principal,1,1,0.004201680672268907
1868-1877,principal tea,1,1,0.004201680672268907
1868-1877,tea districts,1,1,0.004201680672268907
1868-1877,observatoire meteorologique,1,1,0.004201680672268907
1868-1877,meteorologique magnetique,1,1,0.004201680672268907
1868-1877,magnetique des,1,1,0.004201680672268907
1868-1877,des peres,1,1,0.004201680672268907
1868-1877,peres compagnie,1,1,0.004201680672268907
1868-1877,compagnie jesus,1,1,0.004201680672268907
1868-1877,jesus wei,1,1,0.004201680672268907
1868-1877,wei septembre,1,1,0.004201680672268907
1868-1877,borderlands geology,1,1,0.004201680672268907
1868-1877,geology history,1,1,0.004201680672268907
1868-1877,fort zelandia,1,1,0.004201680672268907
1868-1877,zelandia dutch,1,1,0.004201680672268907
1868-1877,dutch occupation,1,1,0.004201680672268907
1868-1877,occupation formosa,1,1,0.004201680672268907
1868-1877,vertebrata province,1,1,0.004201680672268907
1868-1877,province chihli,1,1,0.004201680672268907
1868-1877,chihli zoological,1,1,0.004201680672268907
1868-1877,zoological nomenclature,1,1,0.004201680672268907
1868-1877,styles epistolary,1,1,0.004201680672268907
1868-1877,epistolary composition,1,1,0.004201680672268907
1868-1877,names boats,1,1,0.004201680672268907
1868-1877,boats boat,1,1,0.004201680672268907
1868-1877,boat gear,1,1,0.004201680672268907
1868-1877,gear use,1,1,0.004201680672268907
1868-1877,use mariner,1,1,0.004201680672268907
1868-1877,mariner compass,1,1,0.004201680672268907
1878-1887,theatricals theatrical,2,2,0.00851063829787234
1878-1887,theatrical plots,2,2,0.00851063829787234
1878-1887,seaports india,2,2,0.00851063829787234
1878-1887,india ceylon,2,2,0.00851063829787234
1878-1887,reply allen,2,2,0.00851063829787234
1878-1887,dependent states,2,2,0.00851063829787234
1878-1887,stone figures,1,1,0.00425531914893617
1878-1887,figures tombs,1,1,0.00425531914893617
1878-1887,tombs offering,1,1,0.00425531914893617
1878-1887,offering living,1,1,0.00425531914893617
1878-1887,living sacrifices,1,1,0.00425531914893617
1878-1887,comparative study,1,1,0.00425531914893617
1878-1887,study dialects,1,1,0.00425531914893617
1878-1887,sunspots sun,1,1,0.00425531914893617
1878-1887,sun shadows,1,1,0.00425531914893617
1878-1887,shadows observed,1,1,0.00425531914893617
1878-1887,ancient language,1,1,0.00425531914893617
1878-1887,language cult,1,1,0.00425531914893617
1878-1887,cult chows,1,1,0.00425531914893617
1878-1887,chows critical,1,1,0.00425531914893617
1878-1887,critical exegetical,1,1,0.00425531914893617
1878-1887,exegetical shi,1,1,0.00425531914893617
1878-1887,shi king,1,1,0.00425531914893617
1878-1887,climate eastern,1,1,0.00425531914893617
1878-1887,eastern asia,1,1,0.00425531914893617
1878-1887,periodical change,1,1,0.00425531914893617
1878-1887,change terrestrial,1,1,0.00425531914893617
1878-1887,terrestrial magnetism,1,1,0.00425531914893617
1878-1887,family law,1,1,0.00425531914893617
1878-1887,law comparative,1,1,0.00425531914893617
1878-1887,comparative relations,1,1,0.00425531914893617
1878-1887,relations other,1,1,0.00425531914893617
1878-1887,other nations,1,1,0.00425531914893617
1878-1887,story shun,1,1,0.00425531914893617
1878-1887,shun emperor,1,1,0.00425531914893617
1878-1887,intercourse central,1,1,0.00425531914893617
1878-1887,central western,1,1,0.00425531914893617
1878-1887,western asia,1,1,0.00425531914893617
1878-1887,asia second,1,1,0.00425531914893617
1878-1887,second century,1,1,0.00425531914893617
1878-1887,rock inscriptions,1,1,0.00425531914893617
1878-1887,inscriptions north,1,1,0.00425531914893617
1878-1887,north side,1,1,0.00425531914893617
1878-1887,side yentai,1,1,0.00425531914893617
1878-1887,yentai hill,1,1,0.00425531914893617
1878-1887,siamese coinage,1,1,0.00425531914893617
1878-1887,early european,1,1,0.00425531914893617
1878-1887,european researches,1,1,0.00425531914893617
1878-1887,researches flora,1,1,0.00425531914893617
1878-1887,coins dynasty,1,1,0.00425531914893617
1878-1887,naturalistic philosophy,1,1,0.00425531914893617
1878-1887,hydrology yang,1,1,0.00425531914893617
1878-1887,yang tse,1,1,0.00425531914893617
1878-1887,tse yellow,1,1,0.00425531914893617
1878-1887,yellow river,1,1,0.00425531914893617
1878-1887,river pei,1,1,0.00425531914893617
1878-1887,geology takow,1,1,0.00425531914893617
1878-1887,takow formosa,1,1,0.00425531914893617
1878-1887,botanicon sinicum,1,1,0.00425531914893617
1878-1887,sinicum botany,1,1,0.00425531914893617
1878-1887,botany native,1,1,0.00425531914893617
1878-1887,native western,1,1,0.00425531914893617
1878-1887,western sources,1,1,0.00425531914893617
1878-1887,climate shanghai,1,1,0.00425531914893617
1878-1887,shanghai meteorological,1,1,0.00425531914893617
1878-1887,meteorological conditions,1,1,0.00425531914893617
1878-1887,geology neighbourhood,1,1,0.00425531914893617
1878-1887,neighbourhood nagasaki,1,1,0.00425531914893617
1878-1887,south coast,1,1,0.00425531914893617
1878-1887,coast saghalien,1,1,0.00425531914893617
1878-1887,annam minor,1,1,0.00425531914893617
1878-1887,minor currency,1,1,0.00425531914893617
1878-1887,hoppo book,1,1,0.00425531914893617
1878-1887,what did,1,1,0.00425531914893617
1878-1887,did ancient,1,1,0.00425531914893617
1878-1887,ancient know,1,1,0.00425531914893617
1878-1887,know greeks,1,1,0.00425531914893617
1878-1887,greeks romans,1,1,0.00425531914893617
1878-1887,researches geology,1,1,0.00425531914893617
1878-1887,geology formosa,1,1,0.00425531914893617
1878-1887,fragmens d'un,1,1,0.00425531914893617
1878-1887,d'un voyage,1,1,0.00425531914893617
1878-1887,voyage dans,1,1,0.00425531914893617
1878-1887,dans l'interieur,1,1,0.00425531914893617
1878-1887,l'interieur chine,1,1,0.00425531914893617
1878-1887,trip corea,1,1,0.00425531914893617
1878-1887,corea july,1,1,0.00425531914893617
1878-1887,july august,1,1,0.00425531914893617
1878-1887,dikes mouth,1,1,0.00425531914893617
1878-1887,mouth nankow,1,1,0.00425531914893617
1878-1887,nankow pass,1,1,0.00425531914893617
1878-1887,samshu brewing,1,1,0.00425531914893617
1878-1887,brewing north,1,1,0.00425531914893617
1878-1887,szechuen yangtse,1,1,0.00425531914893617
1878-1887,yangtse valley,1,1,0.00425531914893617
1878-1887,animal fossil,1,1,0.00425531914893617
1878-1887,fossil mineral,1,1,0.00425531914893617
1878-1887,mineral vegetable,1,1,0.00425531914893617
1878-1887,vegetable products,1,1,0.00425531914893617
1878-1887,products consular,1,1,0.00425531914893617
1878-1887,consular district,1,1,0.00425531914893617
1878-1887,district ichang,1,1,0.00425531914893617
1878-1887,journey chekiang,1,1,0.00425531914893617
1878-1887,journey fukien,1,1,0.00425531914893617
1878-1887,journey foochow,1,1,0.00425531914893617
1878-1887,foochow wenchow,1,1,0.00425531914893617
1878-1887,wenchow central,1,1,0.00425531914893617
1878-1887,central fukien,1,1,0.00425531914893617
1878-1887,buddist sheet,1,1,0.00425531914893617
1878-1887,sheet tract,1,1,0.00425531914893617
1878-1887,tract containing,1,1,0.00425531914893617
1878-1887,containing apologue,1,1,0.00425531914893617
1878-1887,apologue human,1,1,0.00425531914893617
1878-1887,human life,1,1,0.00425531914893617
1878-1887,trade routes,1,1,0.00425531914893617
1878-1887,routes western,1,1,0.00425531914893617
1878-1887,poete chinois,1,1,0.00425531914893617
1878-1887,chinois xviiie,1,1,0.00425531914893617
1878-1887,xviiie siecle,1,1,0.00425531914893617
1878-1887,siecle yuan,1,1,0.00425531914893617
1878-1887,yuan tseu,1,1,0.00425531914893617
1878-1887,tseu vie,1,1,0.00425531914893617
1878-1887,vie ses,1,1,0.00425531914893617
1878-1887,ses oeuvres,1,1,0.00425531914893617
1878-1887,serica ptolemy,1,1,0.00425531914893617
1878-1887,ptolemy inhabitants,1,1,0.00425531914893617
1878-1887,derivation german,1,1,0.00425531914893617
1878-1887,german word,1,1,0.00425531914893617
1878-1887,word huhnerauger,1,1,0.00425531914893617
1878-1887,hung lou,1,1,0.00425531914893617
1878-1887,lou commonly,1,1,0.00425531914893617
1878-1887,commonly called,1,1,0.00425531914893617
1878-1887,called dream,1,1,0.00425531914893617
1878-1887,dream red,1,1,0.00425531914893617
1878-1887,red chamber,1,1,0.00425531914893617
1878-1887,prevalence infanticide,1,1,0.00425531914893617
1878-1887,how snow,1,1,0.00425531914893617
1878-1887,snow inspired,1,1,0.00425531914893617
1878-1887,inspired verse,1,1,0.00425531914893617
1878-1887,verse rash,1,1,0.00425531914893617
1878-1887,rash order,1,1,0.00425531914893617
1878-1887,order made,1,1,0.00425531914893617
1878-1887,made flowers,1,1,0.00425531914893617
1878-1887,flowers bloom,1,1,0.00425531914893617
1878-1887,bloom ching,1,1,0.00425531914893617
1878-1887,ching hua,1,1,0.00425531914893617
1878-1887,hua yuan,1,1,0.00425531914893617
1878-1887,what filial,1,1,0.00425531914893617
1878-1887,filial piety,1,1,0.00425531914893617
1878-1887,sinology italy,1,1,0.00425531914893617
1878-1887,western appliances,1,1,0.00425531914893617
1878-1887,appliances printing,1,1,0.00425531914893617
1878-1887,printing industry,1,1,0.00425531914893617
1878-1887,additions grammar,1,1,0.00425531914893617
1878-1887,advisability reverse,1,1,0.00425531914893617
1878-1887,reverse endeavoring,1,1,0.00425531914893617
1878-1887,endeavoring convey,1,1,0.00425531914893617
1878-1887,convey western,1,1,0.00425531914893617
1878-1887,western knowledge,1,1,0.00425531914893617
1878-1887,knowledge medium,1,1,0.00425531914893617
1878-1887,medium own,1,1,0.00425531914893617
1878-1887,own language,1,1,0.00425531914893617
1878-1887,ceylon described,1,1,0.00425531914893617
1878-1887,described voyagers,1,1,0.00425531914893617
1878-1887,voyagers century,1,1,0.00425531914893617
1878-1887,century together,1,1,0.00425531914893617
1878-1887,together navigation,1,1,0.00425531914893617
1878-1887,roadside religion,1,1,0.00425531914893617
1878-1887,religion manchuria,1,1,0.00425531914893617
1878-1887,alphabetical list,1,1,0.00425531914893617
1878-1887,list dynastic,1,1,0.00425531914893617
1878-1887,dynastic reign,1,1,0.00425531914893617
1878-1887,reign titles,1,1,0.00425531914893617
1878-1887,titles emperors,1,1,0.00425531914893617
1878-1887,allen where,1,1,0.00425531914893617
1878-1887,guilds chambers,1,1,0.00425531914893617
1878-1887,chambers commerce,1,1,0.00425531914893617
1878-1887,commerce trades,1,1,0.00425531914893617
1878-1887,trades unions,1,1,0.00425531914893617
1878-1887,confucius myth,1,1,0.00425531914893617
1878-1887,philological importance,1,1,0.00425531914893617
1878-1887,importance geographical,1,1,0.00425531914893617
1878-1887,geographical terms,1,1,0.00425531914893617
1878-1887,terms shi,1,1,0.00425531914893617
1878-1887,allen dependent,1,1,0.00425531914893617
1878-1887,equivalents foreign,1,1,0.00425531914893617
1878-1887,foreign names,1,1,0.00425531914893617
1878-1887,family names,1,1,0.00425531914893617
1878-1887,manchu relations,1,1,0.00425531914893617
1878-1887,relations tibet,1,1,0.00425531914893617
1878-1887,tibet tsang,1,1,0.00425531914893617
1878-1887,defense trans,1,1,0.00425531914893617
1878-1887,trans passage,1,1,0.00425531914893617
1878-1887,passage tsochwan,1,1,0.00425531914893617
1878-1887,folk lore,1,1,0.00425531914893617
1878-1887,pen meng,1,1,0.00425531914893617
1878-1887,meng ch'uan,1,1,0.00425531914893617
1878-1887,military organization,1,1,0.00425531914893617
1878-1887,organization prior,1,1,0.00425531914893617
1878-1887,prior described,1,1,0.00425531914893617
1878-1887,described wei,1,1,0.00425531914893617
1878-1887,wei yuan,1,1,0.00425531914893617
1878-1887,mineral resources,1,1,0.00425531914893617
1878-1887,resources eastern,1,1,0.00425531914893617
1878-1887,eastern shantung,1,1,0.00425531914893617
1878-1887,partnerships liability,1,1,0.00425531914893617
1878-1887,liability individual,1,1,0.00425531914893617
1878-1887,individual members,1,1,0.00425531914893617
1878-1887,early history,1,1,0.00425531914893617
1878-1887,history salt,1,1,0.00425531914893617
1878-1887,salt monopoly,1,1,0.00425531914893617
1878-1887,salt revenue,1,1,0.00425531914893617
1878-1887,production salt,1,1,0.00425531914893617
1878-1887,names sovereigns,1,1,0.00425531914893617
1878-1887,sovereigns corean,1,1,0.00425531914893617
1878-1887,corean states,1,1,0.00425531914893617
1878-1887,states etc,1,1,0.00425531914893617
1878-1887,ancient porcelain,1,1,0.00425531914893617
1878-1887,porcelain study,1,1,0.00425531914893617
1878-1887,study mediaeval,1,1,0.00425531914893617
1878-1887,mediaeval industry,1,1,0.00425531914893617
1878-1887,industry trade,1,1,0.00425531914893617
1878-1887,oriental college,1,1,0.00425531914893617
1878-1887,works regarding,1,1,0.00425531914893617
1878-1887,regarding writing,1,1,0.00425531914893617
1878-1887,writing chih,1,1,0.00425531914893617
1878-1887,chih kitan,1,1,0.00425531914893617
1878-1887,kitan tartars,1,1,0.00425531914893617
1878-1887,names plants,1,1,0.00425531914893617
1888-1897,botanicon sinicum,4,4,0.031007751937984496
1888-1897,sinicum botany,2,2,0.015503875968992248
1888-1897,botany native,2,2,0.015503875968992248
1888-1897,native western,2,2,0.015503875968992248
1888-1897,western sources,2,2,0.015503875968992248
1888-1897,voyage l'ambassade,2,2,0.015503875968992248
1888-1897,l'ambassade hollandaise,2,2,0.015503875968992248
1888-1897,hollandaise travers,2,2,0.015503875968992248
1888-1897,travers province,2,2,0.015503875968992248
1888-1897,province canton,2,2,0.015503875968992248
1888-1897,financial capacity,2,2,0.015503875968992248
1888-1897,hsi hsia,2,2,0.015503875968992248
1888-1897,hsia dynasty,2,2,0.015503875968992248
1888-1897,dynasty tangut,2,2,0.015503875968992248
1888-1897,tangut money,2,2,0.015503875968992248
1888-1897,money peculiar,2,2,0.015503875968992248
1888-1897,peculiar script,2,2,0.015503875968992248
1888-1897,manchu ukase,2,2,0.015503875968992248
1888-1897,corean monument,1,1,0.007751937984496124
1888-1897,monument manchu,1,1,0.007751937984496124
1888-1897,manchu clemency,1,1,0.007751937984496124
1888-1897,guide true,1,1,0.007751937984496124
1888-1897,true vacuity,1,1,0.007751937984496124
1888-1897,changchow capital,1,1,0.007751937984496124
1888-1897,capital funkien,1,1,0.007751937984496124
1888-1897,funkien mongol,1,1,0.007751937984496124
1888-1897,mongol times,1,1,0.007751937984496124
1888-1897,porcelain pagoda,1,1,0.007751937984496124
1888-1897,pagoda nanking,1,1,0.007751937984496124
1888-1897,tenure land,1,1,0.007751937984496124
1888-1897,land condition,1,1,0.007751937984496124
1888-1897,condition rural,1,1,0.007751937984496124
1888-1897,rural population,1,1,0.007751937984496124
1888-1897,bore tsien,1,1,0.007751937984496124
1888-1897,tsien tang,1,1,0.007751937984496124
1888-1897,tang kiang,1,1,0.007751937984496124
1888-1897,kiang hang,1,1,0.007751937984496124
1888-1897,hang chau,1,1,0.007751937984496124
1888-1897,chau bay,1,1,0.007751937984496124
1888-1897,essay manchu,1,1,0.007751937984496124
1888-1897,manchu literature,1,1,0.007751937984496124
1888-1897,currency measures,1,1,0.007751937984496124
1888-1897,tent theory,1,1,0.007751937984496124
1888-1897,theory architecture,1,1,0.007751937984496124
1888-1897,comparative longevity,1,1,0.007751937984496124
1888-1897,longevity males,1,1,0.007751937984496124
1888-1897,males females,1,1,0.007751937984496124
1888-1897,females japan,1,1,0.007751937984496124
1888-1897,sources corrigenda,1,1,0.007751937984496124
1888-1897,corrigenda addenda,1,1,0.007751937984496124
1888-1897,general botanicon,1,1,0.007751937984496124
1888-1897,fish skin,1,1,0.007751937984496124
1888-1897,skin tartars,1,1,0.007751937984496124
1888-1897,comparative table,1,1,0.007751937984496124
1888-1897,table ancient,1,1,0.007751937984496124
1888-1897,ancient lunar,1,1,0.007751937984496124
1888-1897,lunar asterisms,1,1,0.007751937984496124
1888-1897,militant spirit,1,1,0.007751937984496124
1888-1897,spirit buddhist,1,1,0.007751937984496124
1888-1897,buddhist clergy,1,1,0.007751937984496124
1888-1897,salt administration,1,1,0.007751937984496124
1888-1897,administration ssuch'uan,1,1,0.007751937984496124
1888-1897,river stages,1,1,0.007751937984496124
1888-1897,stages branch,1,1,0.007751937984496124
1888-1897,branch routes,1,1,0.007751937984496124
1888-1897,routes ssuch,1,1,0.007751937984496124
1888-1897,ssuch uan,1,1,0.007751937984496124
1888-1897,uan yunnan,1,1,0.007751937984496124
1888-1897,yunnan kuichou,1,1,0.007751937984496124
1888-1897,early portuguese,1,1,0.007751937984496124
1888-1897,portuguese commerce,1,1,0.007751937984496124
1888-1897,commerce settlements,1,1,0.007751937984496124
1888-1897,coinage corea,1,1,0.007751937984496124
1888-1897,family law,1,1,0.007751937984496124
1888-1897,inland communications,1,1,0.007751937984496124
1888-1897,stray corean,1,1,0.007751937984496124
1888-1897,corean history,1,1,0.007751937984496124
1888-1897,history literature,1,1,0.007751937984496124
1888-1897,precious records,1,1,0.007751937984496124
1888-1897,sinicum iii,1,1,0.007751937984496124
1888-1897,iii botanical,1,1,0.007751937984496124
1888-1897,botanical investigations,1,1,0.007751937984496124
1888-1897,investigations materia,1,1,0.007751937984496124
1888-1897,materia medica,1,1,0.007751937984496124
1888-1897,medica ancient,1,1,0.007751937984496124
1888-1897,geographical names,1,1,0.007751937984496124
1888-1897,names mentioned,1,1,0.007751937984496124
1888-1897,mentioned pen,1,1,0.007751937984496124
1888-1897,pen kang,1,1,0.007751937984496124
1888-1897,inscriptions l'orkho,1,1,0.007751937984496124
1888-1897,huns europe,1,1,0.007751937984496124
1888-1897,europe parker,1,1,0.007751937984496124
1888-1897,parker inscriptions,1,1,0.007751937984496124
1888-1897,inscriptions l'orkhon,1,1,0.007751937984496124
1888-1897,wang chung,1,1,0.007751937984496124
1888-1897,chung plato,1,1,0.007751937984496124
1888-1897,plato death,1,1,0.007751937984496124
1888-1897,death immortality,1,1,0.007751937984496124
1888-1897,system family,1,1,0.007751937984496124
1888-1897,family relationship,1,1,0.007751937984496124
1888-1897,relationship aryan,1,1,0.007751937984496124
1888-1897,aryan affinities,1,1,0.007751937984496124
1888-1897,scarcity copper,1,1,0.007751937984496124
1888-1897,copper cash,1,1,0.007751937984496124
1888-1897,cash rise,1,1,0.007751937984496124
1888-1897,rise prices,1,1,0.007751937984496124
1888-1897,limitations comparative,1,1,0.007751937984496124
1888-1897,comparative philology,1,1,0.007751937984496124
1888-1897,grand canal,1,1,0.007751937984496124
1898-1907,irrigation ch'eng,2,2,0.023809523809523808
1898-1907,ch'eng plain,2,2,0.023809523809523808
1898-1907,calendar origin,1,1,0.011904761904761904
1898-1907,origin history,1,1,0.011904761904761904
1898-1907,history connections,1,1,0.011904761904761904
1898-1907,office district,1,1,0.011904761904761904
1898-1907,district magistrate,1,1,0.011904761904761904
1898-1907,coins small,1,1,0.011904761904761904
1898-1907,small porcelain,1,1,0.011904761904761904
1898-1907,porcelain bottles,1,1,0.011904761904761904
1898-1907,bottles found,1,1,0.011904761904761904
1898-1907,found egypt,1,1,0.011904761904761904
1898-1907,sealing whaling,1,1,0.011904761904761904
1898-1907,whaling northern,1,1,0.011904761904761904
1898-1907,northern pacific,1,1,0.011904761904761904
1898-1907,possible impossible,1,1,0.011904761904761904
1898-1907,impossible reforms,1,1,0.011904761904761904
1898-1907,popular religious,1,1,0.011904761904761904
1898-1907,religious literature,1,1,0.011904761904761904
1898-1907,additional coins,1,1,0.011904761904761904
1898-1907,coins dynasty,1,1,0.011904761904761904
1898-1907,siun king,1,1,0.011904761904761904
1898-1907,king philosopher,1,1,0.011904761904761904
1898-1907,philosopher relations,1,1,0.011904761904761904
1898-1907,relations contemporary,1,1,0.011904761904761904
1898-1907,contemporary schools,1,1,0.011904761904761904
1898-1907,schools thought,1,1,0.011904761904761904
1898-1907,social life,1,1,0.011904761904761904
1898-1907,life miao,1,1,0.011904761904761904
1898-1907,miao tsi,1,1,0.011904761904761904
1898-1907,ting chi,1,1,0.011904761904761904
1898-1907,chi half,1,1,0.011904761904761904
1898-1907,half yearly,1,1,0.011904761904761904
1898-1907,yearly sacrifice,1,1,0.011904761904761904
1898-1907,sacrifice confucius,1,1,0.011904761904761904
1898-1907,philippine labour,1,1,0.011904761904761904
1898-1907,labour question,1,1,0.011904761904761904
1898-1907,mencius other,1,1,0.011904761904761904
1898-1907,other reformers,1,1,0.011904761904761904
1898-1907,ancient city,1,1,0.011904761904761904
1898-1907,city shaohing,1,1,0.011904761904761904
1898-1907,shanghai folk,1,1,0.011904761904761904
1898-1907,folk lore,1,1,0.011904761904761904
1898-1907,hirth hiung,1,1,0.011904761904761904
1898-1907,kwo tsi,1,1,0.011904761904761904
1898-1907,tsi eminent,1,1,0.011904761904761904
1898-1907,eminent military,1,1,0.011904761904761904
1898-1907,military commander,1,1,0.011904761904761904
1898-1907,commander tang,1,1,0.011904761904761904
1898-1907,tang dynasty,1,1,0.011904761904761904
1898-1907,standard weights,1,1,0.011904761904761904
1898-1907,weights measures,1,1,0.011904761904761904
1898-1907,measures dynasty,1,1,0.011904761904761904
1898-1907,funeral customs,1,1,0.011904761904761904
1898-1907,wang shih,1,1,0.011904761904761904
1898-1907,mantses golden,1,1,0.011904761904761904
1898-1907,golden chersonese,1,1,0.011904761904761904
1898-1907,overland journey,1,1,0.011904761904761904
1898-1907,journey szemao,1,1,0.011904761904761904
1898-1907,szemao rangoon,1,1,0.011904761904761904
1898-1907,plain beyond,1,1,0.011904761904761904
1898-1907,journey sungp,1,1,0.011904761904761904
1898-1907,history loochoo,1,1,0.011904761904761904
1898-1907,loochoo islands,1,1,0.011904761904761904
1898-1907,jewish monument,1,1,0.011904761904761904
1898-1907,monument kaifungfu,1,1,0.011904761904761904
1898-1907,ancient tibet,1,1,0.011904761904761904
1898-1907,tibet frontagers,1,1,0.011904761904761904
1898-1907,banking system,1,1,0.011904761904761904
1898-1907,system shanghai,1,1,0.011904761904761904
1898-1907,law practice,1,1,0.011904761904761904
1898-1907,practice preceding,1,1,0.011904761904761904
1898-1907,preceding revision,1,1,0.011904761904761904
1898-1907,children games,1,1,0.011904761904761904
1898-1907,witchcraft penal,1,1,0.011904761904761904
1898-1907,penal code,1,1,0.011904761904761904
1898-1907,nomenclature plants,1,1,0.011904761904761904
1898-1907,two zodiacs,1,1,0.011904761904761904
1898-1907,zodiacs solar,1,1,0.011904761904761904
1898-1907,solar lunar,1,1,0.011904761904761904
1898-1907,lunar origin,1,1,0.011904761904761904
1898-1907,origin connections,1,1,0.011904761904761904
1908-1917,shanghai museum,2,2,0.01
1908-1917,christian monument,2,2,0.01
1908-1917,t'ai shan,2,2,0.01
1908-1917,embroidery other,2,2,0.01
1908-1917,textile work,2,2,0.01
1908-1917,ink remains,2,2,0.01
1908-1917,remains chou,2,2,0.01
1908-1917,reminiscenes viceroy,2,2,0.01
1908-1917,viceroy secretary,2,2,0.01
1908-1917,list musical,1,1,0.005
1908-1917,musical other,1,1,0.005
1908-1917,other sound,1,1,0.005
1908-1917,sound producing,1,1,0.005
1908-1917,producing instruments,1,1,0.005
1908-1917,archaeological survey,1,1,0.005
1908-1917,survey environs,1,1,0.005
1908-1917,environs ancient,1,1,0.005
1908-1917,ancient capitals,1,1,0.005
1908-1917,principles law,1,1,0.005
1908-1917,law equity,1,1,0.005
1908-1917,ascent morrison,1,1,0.005
1908-1917,morrison niitaka,1,1,0.005
1908-1917,niitaka yama,1,1,0.005
1908-1917,collection birds,1,1,0.005
1908-1917,birds shanghai,1,1,0.005
1908-1917,confucian reformers,1,1,0.005
1908-1917,reformers japan,1,1,0.005
1908-1917,japan century,1,1,0.005
1908-1917,century trans,1,1,0.005
1908-1917,trans dazai,1,1,0.005
1908-1917,dazai exposition,1,1,0.005
1908-1917,exposition doctrine,1,1,0.005
1908-1917,nestorian missions,1,1,0.005
1908-1917,missions sources,1,1,0.005
1908-1917,sources other,1,1,0.005
1908-1917,other than,1,1,0.005
1908-1917,than christian,1,1,0.005
1908-1917,burial customs,1,1,0.005
1908-1917,customs chuan,1,1,0.005
1908-1917,monument hsi,1,1,0.005
1908-1917,wells williams,1,1,0.005
1908-1917,williams april,1,1,0.005
1908-1917,april january,1,1,0.005
1908-1917,three sites,1,1,0.005
1908-1917,sites hunan,1,1,0.005
1908-1917,hunan connected,1,1,0.005
1908-1917,connected classical,1,1,0.005
1908-1917,classical legendary,1,1,0.005
1908-1917,legendary history,1,1,0.005
1908-1917,art metal,1,1,0.005
1908-1917,metal work,1,1,0.005
1908-1917,great summer,1,1,0.005
1908-1917,summer festival,1,1,0.005
1908-1917,festival observed,1,1,0.005
1908-1917,observed foochow,1,1,0.005
1908-1917,other textile,1,1,0.005
1908-1917,introduction great,1,1,0.005
1908-1917,great epic,1,1,0.005
1908-1917,epic religious,1,1,0.005
1908-1917,religious allegory,1,1,0.005
1908-1917,allegory ch'iu,1,1,0.005
1908-1917,ch'iu ch'ang,1,1,0.005
1908-1917,one world,1,1,0.005
1908-1917,world literary,1,1,0.005
1908-1917,literary masterpieces,1,1,0.005
1908-1917,state religion,1,1,0.005
1908-1917,religion manchu,1,1,0.005
1908-1917,manchu dynasty,1,1,0.005
1908-1917,philosophy wang,1,1,0.005
1908-1917,wang yang,1,1,0.005
1908-1917,yang ming,1,1,0.005
1908-1917,other art,1,1,0.005
1908-1917,art textile,1,1,0.005
1908-1917,mongolia genghizides,1,1,0.005
1908-1917,genghizides manchus,1,1,0.005
1908-1917,omei san,1,1,0.005
1908-1917,san sacred,1,1,0.005
1908-1917,sacred mountain,1,1,0.005
1908-1917,mountain west,1,1,0.005
1908-1917,check list,1,1,0.005
1908-1917,list birds,1,1,0.005
1908-1917,birds lower,1,1,0.005
1908-1917,lower yangtze,1,1,0.005
1908-1917,yangtze valley,1,1,0.005
1908-1917,valley hankow,1,1,0.005
1908-1917,hankow sea,1,1,0.005
1908-1917,sources taoism,1,1,0.005
1908-1917,collection reptiles,1,1,0.005
1908-1917,reptiles shanghai,1,1,0.005
1908-1917,batang menkong,1,1,0.005
1908-1917,menkong land,1,1,0.005
1908-1917,land deep,1,1,0.005
1908-1917,deep corrosions,1,1,0.005
1908-1917,great wall,1,1,0.005
1908-1917,temperatures high,1,1,0.005
1908-1917,high altitudes,1,1,0.005
1908-1917,altitudes tibetan,1,1,0.005
1908-1917,tibetan border,1,1,0.005
1908-1917,oracle bones,1,1,0.005
1908-1917,bones honan,1,1,0.005
1908-1917,wood carving,1,1,0.005
1908-1917,sun dial,1,1,0.005
1908-1917,bibliographical introduction,1,1,0.005
1908-1917,introduction study,1,1,0.005
1908-1917,study law,1,1,0.005
1908-1917,table emperors,1,1,0.005
1908-1917,emperors yuan,1,1,0.005
1908-1917,yuan dynasty,1,1,0.005
1908-1917,christianity extracted,1,1,0.005
1908-1917,extracted marco,1,1,0.005
1908-1917,marco polo,1,1,0.005
1908-1917,tone accents,1,1,0.005
1908-1917,accents two,1,1,0.005
1908-1917,two dialects,1,1,0.005
1908-1917,ch'ing ming,1,1,0.005
1908-1917,ming festival,1,1,0.005
1908-1917,pan tablet,1,1,0.005
1908-1917,large meteorite,1,1,0.005
1908-1917,meteorite february,1,1,0.005
1908-1917,early bronzes,1,1,0.005
1908-1917,chavannes editions,1,1,0.005
1908-1917,editions ssu,1,1,0.005
1908-1917,ssu chien,1,1,0.005
1908-1917,flora ssuch,1,1,0.005
1908-1917,ssuch uan,1,1,0.005
1908-1917,uan mountains,1,1,0.005
1908-1917,freshwater sponges,1,1,0.005
1908-1917,sponges t'ai,1,1,0.005
1908-1917,t'ai great,1,1,0.005
1908-1917,great lake,1,1,0.005
1908-1917,lake kiangsu,1,1,0.005
1908-1917,kiangsu province,1,1,0.005
1908-1917,recent research,1,1,0.005
1908-1917,research mammalia,1,1,0.005
1908-1917,mammalia north,1,1,0.005
1908-1917,two species,1,1,0.005
1908-1917,species snakes,1,1,0.005
1908-1917,history folk,1,1,0.005
1908-1917,folk lore,1,1,0.005
1908-1917,lore shanghai,1,1,0.005
1908-1917,survey work,1,1,0.005
1908-1917,work western,1,1,0.005
1908-1917,western students,1,1,0.005
1908-1917,students history,1,1,0.005
1908-1917,vows amida,1,1,0.005
1908-1917,nestorian share,1,1,0.005
1908-1917,share buddhist,1,1,0.005
1908-1917,magical practice,1,1,0.005
1908-1917,country customs,1,1,0.005
1908-1917,customs szechwan,1,1,0.005
1908-1917,szechwan mantze,1,1,0.005
1908-1917,shrines history,1,1,0.005
1908-1917,history peak,1,1,0.005
1908-1917,peak east,1,1,0.005
1908-1917,east t'ai,1,1,0.005
1908-1917,land birds,1,1,0.005
1908-1917,birds others,1,1,0.005
1908-1917,others met,1,1,0.005
1908-1917,met sea,1,1,0.005
1908-1917,sea off,1,1,0.005
1908-1917,off coast,1,1,0.005
1908-1917,method making,1,1,0.005
1908-1917,making ink,1,1,0.005
1908-1917,ink rubbings,1,1,0.005
1908-1917,stone implements,1,1,0.005
1908-1917,implements upper,1,1,0.005
1908-1917,upper yangtze,1,1,0.005
1908-1917,yangtze min,1,1,0.005
1908-1917,min rivers,1,1,0.005
1908-1917,morrison library,1,1,0.005
1908-1917,kinship english,1,1,0.005
1908-1917,english languages,1,1,0.005
1908-1917,introduction buddhist,1,1,0.005
1908-1917,buddhist library,1,1,0.005
1908-1917,library huen,1,1,0.005
1908-1917,huen chwang,1,1,0.005
1908-1917,chwang emperor,1,1,0.005
1908-1917,emperor tai,1,1,0.005
1908-1917,tai tsung,1,1,0.005
1908-1917,coins republic,1,1,0.005
1908-1917,recent discoveries,1,1,0.005
1908-1917,discoveries ancient,1,1,0.005
1908-1917,ancient sculpture,1,1,0.005
1908-1917,four examples,1,1,0.005
1908-1917,examples bronze,1,1,0.005
1908-1917,bronze statuary,1,1,0.005
1908-1917,religious element,1,1,0.005
1908-1917,element tso,1,1,0.005
1908-1917,tso chuan,1,1,0.005
1908-1917,chou see,1,1,0.005
1908-1917,see also,1,1,0.005
1918-1927,agriculture botany,4,4,0.012698412698412698
1918-1927,botany zoology,4,4,0.012698412698412698
1918-1927,zoology sections,4,4,0.012698412698412698
1918-1927,list birds,3,3,0.009523809523809525
1918-1927,far east,2,2,0.006349206349206349
1918-1927,christ tai,2,2,0.006349206349206349
1918-1927,tai shen,2,2,0.006349206349206349
1918-1927,shen hsien,2,2,0.006349206349206349
1918-1927,shuh country,2,2,0.006349206349206349
1918-1927,oribatoidae sinensis,2,2,0.006349206349206349
1918-1927,partial bibliography,2,2,0.006349206349206349
1918-1927,bibliography birds,2,2,0.006349206349206349
1918-1927,bishop della,2,2,0.006349206349206349
1918-1927,della chiesa,2,2,0.006349206349206349
1918-1927,sung dynasty,2,2,0.006349206349206349
1918-1927,birds chihli,2,2,0.006349206349206349
1918-1927,chihli province,2,2,0.006349206349206349
1918-1927,life times,2,2,0.006349206349206349
1918-1927,river problems,1,1,0.0031746031746031746
1918-1927,land birds,1,1,0.0031746031746031746
1918-1927,birds including,1,1,0.0031746031746031746
1918-1927,including also,1,1,0.0031746031746031746
1918-1927,also general,1,1,0.0031746031746031746
1918-1927,general birds,1,1,0.0031746031746031746
1918-1927,birds observed,1,1,0.0031746031746031746
1918-1927,observed sea,1,1,0.0031746031746031746
1918-1927,sea coast,1,1,0.0031746031746031746
1918-1927,animistic elements,1,1,0.0031746031746031746
1918-1927,elements moslem,1,1,0.0031746031746031746
1918-1927,moslem prayer,1,1,0.0031746031746031746
1918-1927,eight immortals,1,1,0.0031746031746031746
1918-1927,immortals taoist,1,1,0.0031746031746031746
1918-1927,taoist religion,1,1,0.0031746031746031746
1918-1927,kite festival,1,1,0.0031746031746031746
1918-1927,festival foochow,1,1,0.0031746031746031746
1918-1927,method divination,1,1,0.0031746031746031746
1918-1927,divination practised,1,1,0.0031746031746031746
1918-1927,practised foochow,1,1,0.0031746031746031746
1918-1927,ti'en hui,1,1,0.0031746031746031746
1918-1927,hui held,1,1,0.0031746031746031746
1918-1927,held chinkiang,1,1,0.0031746031746031746
1918-1927,chinkiang may,1,1,0.0031746031746031746
1918-1927,domestic altar,1,1,0.0031746031746031746
1918-1927,k'ai chih,1,1,0.0031746031746031746
1918-1927,chih scroll,1,1,0.0031746031746031746
1918-1927,scroll british,1,1,0.0031746031746031746
1918-1927,british museum,1,1,0.0031746031746031746
1918-1927,theistic import,1,1,0.0031746031746031746
1918-1927,import sung,1,1,0.0031746031746031746
1918-1927,sung philosophy,1,1,0.0031746031746031746
1918-1927,case ritualism,1,1,0.0031746031746031746
1918-1927,thirty thousand,1,1,0.0031746031746031746
1918-1927,thousand miles,1,1,0.0031746031746031746
1918-1927,metaphorical zoology,1,1,0.0031746031746031746
1918-1927,early malays,1,1,0.0031746031746031746
1918-1927,malays neighbours,1,1,0.0031746031746031746
1918-1927,sections xxxii,1,1,0.0031746031746031746
1918-1927,land peach,1,1,0.0031746031746031746
1918-1927,peach bloom,1,1,0.0031746031746031746
1918-1927,recent books,1,1,0.0031746031746031746
1918-1927,books scholar,1,1,0.0031746031746031746
1918-1927,chemical industry,1,1,0.0031746031746031746
1918-1927,industry kwangtung,1,1,0.0031746031746031746
1918-1927,kwangtung province,1,1,0.0031746031746031746
1918-1927,birds museum,1,1,0.0031746031746031746
1918-1927,museum anglo,1,1,0.0031746031746031746
1918-1927,anglo college,1,1,0.0031746031746031746
1918-1927,college foochow,1,1,0.0031746031746031746
1918-1927,attractions entomology,1,1,0.0031746031746031746
1918-1927,beginning study,1,1,0.0031746031746031746
1918-1927,study flora,1,1,0.0031746031746031746
1918-1927,flora fauna,1,1,0.0031746031746031746
1918-1927,fauna soochow,1,1,0.0031746031746031746
1918-1927,soochow vicinity,1,1,0.0031746031746031746
1918-1927,exhibition pictures,1,1,0.0031746031746031746
1918-1927,pictures russian,1,1,0.0031746031746031746
1918-1927,russian artist,1,1,0.0031746031746031746
1918-1927,relation siamese,1,1,0.0031746031746031746
1918-1927,greek art,1,1,0.0031746031746031746
1918-1927,art ideals,1,1,0.0031746031746031746
1918-1927,destiny fate,1,1,0.0031746031746031746
1918-1927,petrified sun,1,1,0.0031746031746031746
1918-1927,sun rays,1,1,0.0031746031746031746
1918-1927,ideas antiques,1,1,0.0031746031746031746
1918-1927,names nicknames,1,1,0.0031746031746031746
1918-1927,nicknames shanghai,1,1,0.0031746031746031746
1918-1927,shanghai settlements,1,1,0.0031746031746031746
1918-1927,poetry connotations,1,1,0.0031746031746031746
1918-1927,sections xxxiii,1,1,0.0031746031746031746
1918-1927,xxxiii xxxviii,1,1,0.0031746031746031746
1918-1927,life mohammed,1,1,0.0031746031746031746
1918-1927,operations manifestations,1,1,0.0031746031746031746
1918-1927,manifestations tao,1,1,0.0031746031746031746
1918-1927,tao exemplified,1,1,0.0031746031746031746
1918-1927,exemplified history,1,1,0.0031746031746031746
1918-1927,hainanese miao,1,1,0.0031746031746031746
1918-1927,symbolism purple,1,1,0.0031746031746031746
1918-1927,purple forbidden,1,1,0.0031746031746031746
1918-1927,forbidden city,1,1,0.0031746031746031746
1918-1927,sections xxxix,1,1,0.0031746031746031746
1918-1927,xxxix xlvi,1,1,0.0031746031746031746
1918-1927,lampacao mystery,1,1,0.0031746031746031746
1918-1927,mystery far,1,1,0.0031746031746031746
1918-1927,marriage maker,1,1,0.0031746031746031746
1918-1927,highways byways,1,1,0.0031746031746031746
1918-1927,byways kweichow,1,1,0.0031746031746031746
1918-1927,hsien t'ung,1,1,0.0031746031746031746
1918-1927,t'ung chien,1,1,0.0031746031746031746
1918-1927,trip hua,1,1,0.0031746031746031746
1918-1927,hua kang,1,1,0.0031746031746031746
1918-1927,song skirt,1,1,0.0031746031746031746
1918-1927,natural history,1,1,0.0031746031746031746
1918-1927,growth yangtze,1,1,0.0031746031746031746
1918-1927,yangtze delta,1,1,0.0031746031746031746
1918-1927,names non,1,1,0.0031746031746031746
1918-1927,non tribes,1,1,0.0031746031746031746
1918-1927,tribes western,1,1,0.0031746031746031746
1918-1927,western szechwan,1,1,0.0031746031746031746
1918-1927,chiang sacrifice,1,1,0.0031746031746031746
1918-1927,sacrifice litholatry,1,1,0.0031746031746031746
1918-1927,fir flower,1,1,0.0031746031746031746
1918-1927,flower tablets,1,1,0.0031746031746031746
1918-1927,lan tsih,1,1,0.0031746031746031746
1918-1927,ling yin,1,1,0.0031746031746031746
1918-1927,yin monastery,1,1,0.0031746031746031746
1918-1927,monastery poem,1,1,0.0031746031746031746
1918-1927,coal iron,1,1,0.0031746031746031746
1918-1927,iron ore,1,1,0.0031746031746031746
1918-1927,ore deposits,1,1,0.0031746031746031746
1918-1927,deposits central,1,1,0.0031746031746031746
1918-1927,central shansi,1,1,0.0031746031746031746
1918-1927,names plants,1,1,0.0031746031746031746
1918-1927,plants preliminary,1,1,0.0031746031746031746
1918-1927,preliminary list,1,1,0.0031746031746031746
1918-1927,list trees,1,1,0.0031746031746031746
1918-1927,trees shrubs,1,1,0.0031746031746031746
1918-1927,shrubs north,1,1,0.0031746031746031746
1918-1927,north honan,1,1,0.0031746031746031746
1918-1927,distribution habits,1,1,0.0031746031746031746
1918-1927,habits argali,1,1,0.0031746031746031746
1918-1927,argali sheep,1,1,0.0031746031746031746
1918-1927,sheep central,1,1,0.0031746031746031746
1918-1927,central asia,1,1,0.0031746031746031746
1918-1927,plants peitaiho,1,1,0.0031746031746031746
1918-1927,sections xlvii,1,1,0.0031746031746031746
1918-1927,xlvii xlix,1,1,0.0031746031746031746
1918-1927,hsien tung,1,1,0.0031746031746031746
1918-1927,tung chien,1,1,0.0031746031746031746
1918-1927,chu goh,1,1,0.0031746031746031746
1918-1927,goh leang,1,1,0.0031746031746031746
1918-1927,leang arrows,1,1,0.0031746031746031746
1918-1927,then now,1,1,0.0031746031746031746
1918-1927,night mountains,1,1,0.0031746031746031746
1918-1927,hsuan tsang,1,1,0.0031746031746031746
1918-1927,tsang modern,1,1,0.0031746031746031746
1918-1927,modern research,1,1,0.0031746031746031746
1918-1927,culture basis,1,1,0.0031746031746031746
1918-1927,basis art,1,1,0.0031746031746031746
1918-1927,modern travel,1,1,0.0031746031746031746
1918-1927,travel tai,1,1,0.0031746031746031746
1918-1927,tai yuan,1,1,0.0031746031746031746
1918-1927,yuan via,1,1,0.0031746031746031746
1918-1927,via mount,1,1,0.0031746031746031746
1918-1927,mount tai,1,1,0.0031746031746031746
1918-1927,tai mongolian,1,1,0.0031746031746031746
1918-1927,mongolian frontier,1,1,0.0031746031746031746
1918-1927,page ancient,1,1,0.0031746031746031746
1918-1927,ancient history,1,1,0.0031746031746031746
1918-1927,preliminary literary,1,1,0.0031746031746031746
1918-1927,literary background,1,1,0.0031746031746031746
1918-1927,background great,1,1,0.0031746031746031746
1918-1927,great river,1,1,0.0031746031746031746
1918-1927,religion ch'iang,1,1,0.0031746031746031746
1918-1927,chiesa story,1,1,0.0031746031746031746
1918-1927,story lost,1,1,0.0031746031746031746
1918-1927,lost grave,1,1,0.0031746031746031746
1918-1927,similarities ancient,1,1,0.0031746031746031746
1918-1927,ancient egyptian,1,1,0.0031746031746031746
1918-1927,egyptian culture,1,1,0.0031746031746031746
1918-1927,birds complementary,1,1,0.0031746031746031746
1918-1927,complementary list,1,1,0.0031746031746031746
1918-1927,list given,1,1,0.0031746031746031746
1918-1927,how tonnage,1,1,0.0031746031746031746
1918-1927,tonnage measured,1,1,0.0031746031746031746
1918-1927,measured ancient,1,1,0.0031746031746031746
1918-1927,taoist superman,1,1,0.0031746031746031746
1918-1927,general theory,1,1,0.0031746031746031746
1918-1927,theory shamanism,1,1,0.0031746031746031746
1918-1927,shamanism among,1,1,0.0031746031746031746
1918-1927,among tungus,1,1,0.0031746031746031746
1918-1927,composite deities,1,1,0.0031746031746031746
1918-1927,who northern,1,1,0.0031746031746031746
1918-1927,southern migration,1,1,0.0031746031746031746
1918-1927,migration sung,1,1,0.0031746031746031746
1918-1927,chu hsi,1,1,0.0031746031746031746
1918-1927,hsi materialist,1,1,0.0031746031746031746
1918-1927,dead hand,1,1,0.0031746031746031746
1918-1927,origin history,1,1,0.0031746031746031746
1918-1927,history irrigation,1,1,0.0031746031746031746
1918-1927,irrigation work,1,1,0.0031746031746031746
1918-1927,work chengtu,1,1,0.0031746031746031746
1918-1927,chengtu plain,1,1,0.0031746031746031746
1918-1927,history shuh,1,1,0.0031746031746031746
1918-1927,shuh free,1,1,0.0031746031746031746
1918-1927,free shuh,1,1,0.0031746031746031746
1918-1927,shuh chi,1,1,0.0031746031746031746
1918-1927,oribatoidea sinensis,1,1,0.0031746031746031746
1918-1927,sinensis iii,1,1,0.0031746031746031746
1918-1927,sramana shaman,1,1,0.0031746031746031746
1918-1927,cult ch'eng,1,1,0.0031746031746031746
1918-1927,ch'eng huang,1,1,0.0031746031746031746
1918-1927,huang lao,1,1,0.0031746031746031746
1918-1927,lao yeh,1,1,0.0031746031746031746
1918-1927,critical bibliographical,1,1,0.0031746031746031746
1918-1927,bibliographical study,1,1,0.0031746031746031746
1918-1927,study tungus,1,1,0.0031746031746031746
1918-1927,tungus languages,1,1,0.0031746031746031746
1918-1927,international relations,1,1,0.0031746031746031746
1918-1927,edict shih,1,1,0.0031746031746031746
1918-1927,shih huang,1,1,0.0031746031746031746
1918-1927,teaching micius,1,1,0.0031746031746031746
1918-1927,times confucius,1,1,0.0031746031746031746
1918-1927,springs tsinanfu,1,1,0.0031746031746031746
1918-1927,shantung foraminifera,1,1,0.0031746031746031746
1918-1927,burial place,1,1,0.0031746031746031746
1918-1927,place genghis,1,1,0.0031746031746031746
1918-1927,genghis kwan,1,1,0.0031746031746031746
1918-1927,light life,1,1,0.0031746031746031746
1918-1927,times bishop,1,1,0.0031746031746031746
1918-1927,stories paintings,1,1,0.0031746031746031746
1918-1927,rebuttal religion,1,1,0.0031746031746031746
1918-1927,religion dynastic,1,1,0.0031746031746031746
1918-1927,dynastic tombs,1,1,0.0031746031746031746
1918-1927,critical chalfant,1,1,0.0031746031746031746
1918-1927,chalfant shuo,1,1,0.0031746031746031746
1918-1927,shuo wen,1,1,0.0031746031746031746
1918-1927,mohammedan literature,1,1,0.0031746031746031746
1918-1927,flood famine,1,1,0.0031746031746031746
1918-1927,famine north,1,1,0.0031746031746031746
1918-1927,map making,1,1,0.0031746031746031746
1918-1927,tibetan environment,1,1,0.0031746031746031746
1918-1927,environment interpretation,1,1,0.0031746031746031746
1918-1927,league nations,1,1,0.0031746031746031746
1918-1927,nations ancient,1,1,0.0031746031746031746
1918-1927,general survey,1,1,0.0031746031746031746
1918-1927,survey standard,1,1,0.0031746031746031746
1918-1927,standard histories,1,1,0.0031746031746031746
1918-1927,yen hsi,1,1,0.0031746031746031746
1918-1927,hsi chai,1,1,0.0031746031746031746
1918-1927,chai century,1,1,0.0031746031746031746
1918-1927,century philosopher,1,1,0.0031746031746031746
1918-1927,sin cheng,1,1,0.0031746031746031746
1918-1927,cheng chung,1,1,0.0031746031746031746
1918-1927,chung wang,1,1,0.0031746031746031746
1918-1927,wang faithful,1,1,0.0031746031746031746
1918-1927,faithful prince,1,1,0.0031746031746031746
1918-1927,fresh water,1,1,0.0031746031746031746
1918-1927,water sponges,1,1,0.0031746031746031746
1918-1927,northern tungus,1,1,0.0031746031746031746
1918-1927,tungus migrations,1,1,0.0031746031746031746
1918-1927,migrations far,1,1,0.0031746031746031746
1918-1927,corrections additions,1,1,0.0031746031746031746
1918-1927,additions list,1,1,0.0031746031746031746
1918-1927,postscript tomb,1,1,0.0031746031746031746
1918-1927,tomb destruction,1,1,0.0031746031746031746
1918-1927,remains phallic,1,1,0.0031746031746031746
1918-1927,phallic shrine,1,1,0.0031746031746031746
1918-1927,shrine japan,1,1,0.0031746031746031746
1918-1927,siege saianfu,1,1,0.0031746031746031746
1918-1927,saianfu murder,1,1,0.0031746031746031746
1918-1927,murder achmach,1,1,0.0031746031746031746
1918-1927,achmach bailo,1,1,0.0031746031746031746
1918-1927,political parties,1,1,0.0031746031746031746
1918-1927,parties northern,1,1,0.0031746031746031746
1918-1927,northern sung,1,1,0.0031746031746031746
1918-1927,mei lan,1,1,0.0031746031746031746
1918-1927,lan fang,1,1,0.0031746031746031746
1918-1927,fang man,1,1,0.0031746031746031746
1918-1927,man art,1,1,0.0031746031746031746
1918-1927,motives art,1,1,0.0031746031746031746
1918-1927,little looking,1,1,0.0031746031746031746
1918-1927,looking painting,1,1,0.0031746031746031746
1918-1927,painting wang,1,1,0.0031746031746031746
1918-1927,wang tzu,1,1,0.0031746031746031746
1918-1927,genus gueldenstaedtia,1,1,0.0031746031746031746
1918-1927,gueldenstaedtia leguminoseae,1,1,0.0031746031746031746
1918-1927,chou kung,1,1,0.0031746031746031746
1918-1927,kung duke,1,1,0.0031746031746031746
1918-1927,duke chou,1,1,0.0031746031746031746
1918-1927,anthropology buriats,1,1,0.0031746031746031746
1928-1937,han dynasty,3,3,0.008595988538681949
1928-1937,nineteen centuries,2,2,0.0057306590257879654
1928-1937,forbidden city,2,2,0.0057306590257879654
1928-1937,history days,2,2,0.0057306590257879654
1928-1937,days week,2,2,0.0057306590257879654
1928-1937,fragments nestorian,2,2,0.0057306590257879654
1928-1937,nestorian writing,2,2,0.0057306590257879654
1928-1937,travels emperor,2,2,0.0057306590257879654
1928-1937,three score,1,1,0.0028653295128939827
1928-1937,score years,1,1,0.0028653295128939827
1928-1937,years ten,1,1,0.0028653295128939827
1928-1937,jews honan,1,1,0.0028653295128939827
1928-1937,shapes porcelain,1,1,0.0028653295128939827
1928-1937,porcelain vessels,1,1,0.0028653295128939827
1928-1937,great wall,1,1,0.0028653295128939827
1928-1937,ch'ing dynasty,1,1,0.0028653295128939827
1928-1937,dynasty criticism,1,1,0.0028653295128939827
1928-1937,criticism sung,1,1,0.0028653295128939827
1928-1937,sung politico,1,1,0.0028653295128939827
1928-1937,politico philosophy,1,1,0.0028653295128939827
1928-1937,foot measures,1,1,0.0028653295128939827
1928-1937,measures past,1,1,0.0028653295128939827
1928-1937,past nineteen,1,1,0.0028653295128939827
1928-1937,german hsi,1,1,0.0028653295128939827
1928-1937,hsi hsiang,1,1,0.0028653295128939827
1928-1937,hsiang chi,1,1,0.0028653295128939827
1928-1937,place music,1,1,0.0028653295128939827
1928-1937,music platonic,1,1,0.0028653295128939827
1928-1937,platonic confucian,1,1,0.0028653295128939827
1928-1937,confucian systems,1,1,0.0028653295128939827
1928-1937,systems moral,1,1,0.0028653295128939827
1928-1937,moral education,1,1,0.0028653295128939827
1928-1937,origin growth,1,1,0.0028653295128939827
1928-1937,growth deserts,1,1,0.0028653295128939827
1928-1937,deserts encroachment,1,1,0.0028653295128939827
1928-1937,encroachment desert,1,1,0.0028653295128939827
1928-1937,desert north,1,1,0.0028653295128939827
1928-1937,early christianity,1,1,0.0028653295128939827
1928-1937,christianity japan,1,1,0.0028653295128939827
1928-1937,origin priesthood,1,1,0.0028653295128939827
1928-1937,herbarium shantung,1,1,0.0028653295128939827
1928-1937,shantung christian,1,1,0.0028653295128939827
1928-1937,christian university,1,1,0.0028653295128939827
1928-1937,wang mang,1,1,0.0028653295128939827
1928-1937,mang socialist,1,1,0.0028653295128939827
1928-1937,socialist emperor,1,1,0.0028653295128939827
1928-1937,emperor nineteen,1,1,0.0028653295128939827
1928-1937,centuries ago,1,1,0.0028653295128939827
1928-1937,k'u yuan,1,1,0.0028653295128939827
1928-1937,yuan life,1,1,0.0028653295128939827
1928-1937,life poems,1,1,0.0028653295128939827
1928-1937,kite message,1,1,0.0028653295128939827
1928-1937,murder achmach,1,1,0.0028653295128939827
1928-1937,achmach bailo,1,1,0.0028653295128939827
1928-1937,types historical,1,1,0.0028653295128939827
1928-1937,historical thought,1,1,0.0028653295128939827
1928-1937,establishment confucianism,1,1,0.0028653295128939827
1928-1937,confucianism state,1,1,0.0028653295128939827
1928-1937,state religion,1,1,0.0028653295128939827
1928-1937,religion han,1,1,0.0028653295128939827
1928-1937,mohammedans when,1,1,0.0028653295128939827
1928-1937,when how,1,1,0.0028653295128939827
1928-1937,how they,1,1,0.0028653295128939827
1928-1937,they first,1,1,0.0028653295128939827
1928-1937,first came,1,1,0.0028653295128939827
1928-1937,did ancient,1,1,0.0028653295128939827
1928-1937,ancient culture,1,1,0.0028653295128939827
1928-1937,culture come,1,1,0.0028653295128939827
1928-1937,come egypt,1,1,0.0028653295128939827
1928-1937,gold historical,1,1,0.0028653295128939827
1928-1937,historical practical,1,1,0.0028653295128939827
1928-1937,practical financial,1,1,0.0028653295128939827
1928-1937,financial aspects,1,1,0.0028653295128939827
1928-1937,aisa ice,1,1,0.0028653295128939827
1928-1937,ice age,1,1,0.0028653295128939827
1928-1937,did manicheism,1,1,0.0028653295128939827
1928-1937,manicheism influence,1,1,0.0028653295128939827
1928-1937,influence lamaism,1,1,0.0028653295128939827
1928-1937,list plant,1,1,0.0028653295128939827
1928-1937,plant names,1,1,0.0028653295128939827
1928-1937,names included,1,1,0.0028653295128939827
1928-1937,included cowdry,1,1,0.0028653295128939827
1928-1937,cowdry chihli,1,1,0.0028653295128939827
1928-1937,chihli flora,1,1,0.0028653295128939827
1928-1937,flora not,1,1,0.0028653295128939827
1928-1937,not recorded,1,1,0.0028653295128939827
1928-1937,recorded index,1,1,0.0028653295128939827
1928-1937,index florae,1,1,0.0028653295128939827
1928-1937,florae sinensis,1,1,0.0028653295128939827
1928-1937,sinensis two,1,1,0.0028653295128939827
1928-1937,two supplements,1,1,0.0028653295128939827
1928-1937,list legible,1,1,0.0028653295128939827
1928-1937,legible inscriptions,1,1,0.0028653295128939827
1928-1937,inscriptions stones,1,1,0.0028653295128939827
1928-1937,stones foreign,1,1,0.0028653295128939827
1928-1937,foreign cemetery,1,1,0.0028653295128939827
1928-1937,cemetery double,1,1,0.0028653295128939827
1928-1937,double island,1,1,0.0028653295128939827
1928-1937,island swatow,1,1,0.0028653295128939827
1928-1937,george eumorfopoulos,1,1,0.0028653295128939827
1928-1937,eumorfopoulos collection,1,1,0.0028653295128939827
1928-1937,collection catalogue,1,1,0.0028653295128939827
1928-1937,catalogue corean,1,1,0.0028653295128939827
1928-1937,corean bronzes,1,1,0.0028653295128939827
1928-1937,bronzes sculpture,1,1,0.0028653295128939827
1928-1937,sculpture jades,1,1,0.0028653295128939827
1928-1937,jades jewellery,1,1,0.0028653295128939827
1928-1937,jewellery objects,1,1,0.0028653295128939827
1928-1937,objects percival,1,1,0.0028653295128939827
1928-1937,percival yetts,1,1,0.0028653295128939827
1928-1937,light thrown,1,1,0.0028653295128939827
1928-1937,thrown ancient,1,1,0.0028653295128939827
1928-1937,ancient history,1,1,0.0028653295128939827
1928-1937,history recent,1,1,0.0028653295128939827
1928-1937,recent archaeological,1,1,0.0028653295128939827
1928-1937,archaeological discoveries,1,1,0.0028653295128939827
1928-1937,points history,1,1,0.0028653295128939827
1928-1937,history science,1,1,0.0028653295128939827
1928-1937,journey tung,1,1,0.0028653295128939827
1928-1937,tung ling,1,1,0.0028653295128939827
1928-1937,ling visit,1,1,0.0028653295128939827
1928-1937,visit desecrated,1,1,0.0028653295128939827
1928-1937,desecrated eastern,1,1,0.0028653295128939827
1928-1937,eastern mausolea,1,1,0.0028653295128939827
1928-1937,mausolea tsing,1,1,0.0028653295128939827
1928-1937,tsing dynasty,1,1,0.0028653295128939827
1928-1937,stories painting,1,1,0.0028653295128939827
1928-1937,language thought,1,1,0.0028653295128939827
1928-1937,thought words,1,1,0.0028653295128939827
1928-1937,words ideas,1,1,0.0028653295128939827
1928-1937,can writing,1,1,0.0028653295128939827
1928-1937,writing simplified,1,1,0.0028653295128939827
1928-1937,book changes,1,1,0.0028653295128939827
1928-1937,changes genesis,1,1,0.0028653295128939827
1928-1937,wei problem,1,1,0.0028653295128939827
1928-1937,problem criticism,1,1,0.0028653295128939827
1928-1937,philosopher yang,1,1,0.0028653295128939827
1928-1937,yang hsiung,1,1,0.0028653295128939827
1928-1937,symbolism forbidden,1,1,0.0028653295128939827
1928-1937,city peking,1,1,0.0028653295128939827
1928-1937,why sinologue,1,1,0.0028653295128939827
1928-1937,sinologue should,1,1,0.0028653295128939827
1928-1937,should study,1,1,0.0028653295128939827
1928-1937,study manchu,1,1,0.0028653295128939827
1928-1937,early days,1,1,0.0028653295128939827
1928-1937,days western,1,1,0.0028653295128939827
1928-1937,western medicine,1,1,0.0028653295128939827
1928-1937,climatic changes,1,1,0.0028653295128939827
1928-1937,changes historic,1,1,0.0028653295128939827
1928-1937,historic time,1,1,0.0028653295128939827
1928-1937,preliminary natural,1,1,0.0028653295128939827
1928-1937,natural history,1,1,0.0028653295128939827
1928-1937,history nanking,1,1,0.0028653295128939827
1928-1937,pottery porcelain,1,1,0.0028653295128939827
1928-1937,porcelain appreciation,1,1,0.0028653295128939827
1928-1937,moslem chronology,1,1,0.0028653295128939827
1928-1937,indian frontier,1,1,0.0028653295128939827
1928-1937,nation doctrine,1,1,0.0028653295128939827
1928-1937,doctrine golden,1,1,0.0028653295128939827
1928-1937,golden mean,1,1,0.0028653295128939827
1928-1937,western transcription,1,1,0.0028653295128939827
1928-1937,confucianism democracy,1,1,0.0028653295128939827
1928-1937,democracy nationalism,1,1,0.0028653295128939827
1928-1937,cosmic spirit,1,1,0.0028653295128939827
1928-1937,origin south,1,1,0.0028653295128939827
1928-1937,south american,1,1,0.0028653295128939827
1928-1937,american man,1,1,0.0028653295128939827
1928-1937,porcelains successive,1,1,0.0028653295128939827
1928-1937,successive dynasties,1,1,0.0028653295128939827
1928-1937,poet monk,1,1,0.0028653295128939827
1928-1937,monk modern,1,1,0.0028653295128939827
1928-1937,hsu t'ing,1,1,0.0028653295128939827
1928-1937,t'ing shi,1,1,0.0028653295128939827
1928-1937,shi sutra,1,1,0.0028653295128939827
1928-1937,sutra jesus,1,1,0.0028653295128939827
1928-1937,jesus messian,1,1,0.0028653295128939827
1928-1937,messian sutra,1,1,0.0028653295128939827
1928-1937,political indealists,1,1,0.0028653295128939827
1928-1937,indealists realists,1,1,0.0028653295128939827
1928-1937,realists fourth,1,1,0.0028653295128939827
1928-1937,fourth third,1,1,0.0028653295128939827
1928-1937,third centruies,1,1,0.0028653295128939827
1928-1937,aridity north,1,1,0.0028653295128939827
1928-1937,stories paintings,1,1,0.0028653295128939827
1928-1937,paintings iii,1,1,0.0028653295128939827
1928-1937,anthropometrics studies,1,1,0.0028653295128939827
1928-1937,studies chekiang,1,1,0.0028653295128939827
1928-1937,chekiang kwangtung,1,1,0.0028653295128939827
1928-1937,research museum,1,1,0.0028653295128939827
1928-1937,museum far,1,1,0.0028653295128939827
1928-1937,far eastern,1,1,0.0028653295128939827
1928-1937,eastern antiquities,1,1,0.0028653295128939827
1928-1937,studies conduct,1,1,0.0028653295128939827
1928-1937,conduct character,1,1,0.0028653295128939827
1928-1937,early travellers,1,1,0.0028653295128939827
1928-1937,travellers successors,1,1,0.0028653295128939827
1928-1937,worship earth,1,1,0.0028653295128939827
1928-1937,earth ancient,1,1,0.0028653295128939827
1928-1937,loyang national,1,1,0.0028653295128939827
1928-1937,national capital,1,1,0.0028653295128939827
1928-1937,philosophy tai,1,1,0.0028653295128939827
1928-1937,tai tung,1,1,0.0028653295128939827
1928-1937,tung yuan,1,1,0.0028653295128939827
1928-1937,t'ai miao,1,1,0.0028653295128939827
1928-1937,miao description,1,1,0.0028653295128939827
1928-1937,description supreme,1,1,0.0028653295128939827
1928-1937,supreme hall,1,1,0.0028653295128939827
1928-1937,hall sacrefices,1,1,0.0028653295128939827
1928-1937,sacrefices forbidden,1,1,0.0028653295128939827
1928-1937,futher history,1,1,0.0028653295128939827
1928-1937,origin loess,1,1,0.0028653295128939827
1928-1937,sources study,1,1,0.0028653295128939827
1928-1937,study northeastern,1,1,0.0028653295128939827
1928-1937,northeastern asia,1,1,0.0028653295128939827
1928-1937,sur les,1,1,0.0028653295128939827
1928-1937,les alphabets,1,1,0.0028653295128939827
1928-1937,alphabets yun,1,1,0.0028653295128939827
1928-1937,yun nan,1,1,0.0028653295128939827
1928-1937,nan les,1,1,0.0028653295128939827
1928-1937,les denominations,1,1,0.0028653295128939827
1928-1937,denominations ethniques,1,1,0.0028653295128939827
1928-1937,ethniques donnees,1,1,0.0028653295128939827
1928-1937,donnees aux,1,1,0.0028653295128939827
1928-1937,aux t'ay,1,1,0.0028653295128939827
1928-1937,beginning human,1,1,0.0028653295128939827
1928-1937,human race,1,1,0.0028653295128939827
1928-1937,painters among,1,1,0.0028653295128939827
1928-1937,among catholic,1,1,0.0028653295128939827
1928-1937,catholic missionaries,1,1,0.0028653295128939827
1928-1937,missionaries helpers,1,1,0.0028653295128939827
1928-1937,helpers peking,1,1,0.0028653295128939827
1928-1937,cycles cathay,1,1,0.0028653295128939827
1928-1937,bamboo painting,1,1,0.0028653295128939827
1928-1937,past decade,1,1,0.0028653295128939827
1928-1937,decade literature,1,1,0.0028653295128939827
1928-1937,discourses salt,1,1,0.0028653295128939827
1928-1937,salt iron,1,1,0.0028653295128939827
1928-1937,iron yen,1,1,0.0028653295128939827
1928-1937,yen t'ieh,1,1,0.0028653295128939827
1928-1937,t'ieh lun,1,1,0.0028653295128939827
1928-1937,lun chaps,1,1,0.0028653295128939827
1928-1937,chaps xxviii,1,1,0.0028653295128939827
1928-1937,writing concluded,1,1,0.0028653295128939827
1928-1937,emperor concluded,1,1,0.0028653295128939827
1928-1937,prajna paramita,1,1,0.0028653295128939827
1928-1937,paramita hridaya,1,1,0.0028653295128939827
1928-1937,hridaya sutra,1,1,0.0028653295128939827
1928-1937,sutra essence,1,1,0.0028653295128939827
1928-1937,essence transcendental,1,1,0.0028653295128939827
1928-1937,transcendental wisdom,1,1,0.0028653295128939827
1928-1937,wisdom hsuan,1,1,0.0028653295128939827
1928-1937,hsuan chuang,1,1,0.0028653295128939827
1928-1937,chuang viith,1,1,0.0028653295128939827
1928-1937,viith cent,1,1,0.0028653295128939827
1928-1937,worship lei,1,1,0.0028653295128939827
1928-1937,lei tsu,1,1,0.0028653295128939827
1928-1937,tsu patron,1,1,0.0028653295128939827
1928-1937,patron saint,1,1,0.0028653295128939827
1928-1937,saint silk,1,1,0.0028653295128939827
1928-1937,silk workers,1,1,0.0028653295128939827
1928-1937,how llok,1,1,0.0028653295128939827
1928-1937,llok art,1,1,0.0028653295128939827
1928-1937,art painting,1,1,0.0028653295128939827
1928-1937,technique spirit,1,1,0.0028653295128939827
1928-1937,spirit poetry,1,1,0.0028653295128939827
1928-1937,north west,1,1,0.0028653295128939827
1928-1937,west passage,1,1,0.0028653295128939827
1928-1937,passage opening,1,1,0.0028653295128939827
1928-1937,word one,1,1,0.0028653295128939827
1928-1937,one poetry,1,1,0.0028653295128939827
1928-1937,men matters,1,1,0.0028653295128939827
1928-1937,matters land,1,1,0.0028653295128939827
1928-1937,land yellow,1,1,0.0028653295128939827
1928-1937,yellow earth,1,1,0.0028653295128939827
1928-1937,inscriptions bronzes,1,1,0.0028653295128939827
1928-1937,eclipses first,1,1,0.0028653295128939827
1928-1937,first fifty,1,1,0.0028653295128939827
1928-1937,fifty years,1,1,0.0028653295128939827
1928-1937,years earlier,1,1,0.0028653295128939827
1928-1937,earlier han,1,1,0.0028653295128939827
1928-1937,six horses,1,1,0.0028653295128939827
1928-1937,horses t'ang,1,1,0.0028653295128939827
1928-1937,t'ang t'ai,1,1,0.0028653295128939827
1928-1937,t'ai tsung,1,1,0.0028653295128939827
1928-1937,t'ai chi,1,1,0.0028653295128939827
1928-1937,chi shang,1,1,0.0028653295128939827
1928-1937,shang yun,1,1,0.0028653295128939827
1928-1937,yun astrological,1,1,0.0028653295128939827
1928-1937,astrological theory,1,1,0.0028653295128939827
1928-1937,theory creation,1,1,0.0028653295128939827
1928-1937,inscribed bones,1,1,0.0028653295128939827
1928-1937,bones shang,1,1,0.0028653295128939827
1928-1937,agricultural rites,1,1,0.0028653295128939827
1928-1937,rites religion,1,1,0.0028653295128939827
1928-1937,building history,1,1,0.0028653295128939827
1928-1937,history pao,1,1,0.0028653295128939827
1928-1937,pao shu,1,1,0.0028653295128939827
1928-1937,shu t'a,1,1,0.0028653295128939827
1928-1937,t'a hangchow,1,1,0.0028653295128939827
1928-1937,han kao,1,1,0.0028653295128939827
1928-1937,kao tsu,1,1,0.0028653295128939827
1928-1937,tsu hsiang,1,1,0.0028653295128939827
1928-1937,problems concerning,1,1,0.0028653295128939827
1928-1937,concerning nestorian,1,1,0.0028653295128939827
1928-1937,nestorian monument,1,1,0.0028653295128939827
1928-1937,attitude peace,1,1,0.0028653295128939827
1928-1937,peace war,1,1,0.0028653295128939827
1928-1937,war pre,1,1,0.0028653295128939827
1928-1937,pre confucian,1,1,0.0028653295128939827
1928-1937,confucian times,1,1,0.0028653295128939827
1928-1937,geophysical prospecting,1,1,0.0028653295128939827
1928-1937,prospecting gold,1,1,0.0028653295128939827
1928-1937,gold metallic,1,1,0.0028653295128939827
1928-1937,metallic ores,1,1,0.0028653295128939827
1928-1937,ores petroleum,1,1,0.0028653295128939827
1928-1937,petroleum possible,1,1,0.0028653295128939827
1928-1937,possible application,1,1,0.0028653295128939827
1928-1937,northwest passage,1,1,0.0028653295128939827
1928-1937,passage struggle,1,1,0.0028653295128939827
1928-1937,struggle tarim,1,1,0.0028653295128939827
1928-1937,tarim basin,1,1,0.0028653295128939827
1928-1937,basin later,1,1,0.0028653295128939827
1928-1937,later han,1,1,0.0028653295128939827
1928-1937,sang hung,1,1,0.0028653295128939827
1928-1937,hung yang,1,1,0.0028653295128939827
1928-1937,yang economist,1,1,0.0028653295128939827
1928-1937,economist early,1,1,0.0028653295128939827
1928-1937,early han,1,1,0.0028653295128939827
1928-1937,animals art,1,1,0.0028653295128939827
1928-1937,art presidential,1,1,0.0028653295128939827
1928-1937,presidential address,1,1,0.0028653295128939827
1928-1937,music musical,1,1,0.0028653295128939827
1928-1937,musical instruments,1,1,0.0028653295128939827
1928-1937,instruments shang,1,1,0.0028653295128939827
1928-1937,agriculture inner,1,1,0.0028653295128939827
1928-1937,inner mongola,1,1,0.0028653295128939827
1928-1937,korean interference,1,1,0.0028653295128939827
1928-1937,interference historical,1,1,0.0028653295128939827
1928-1937,historical records,1,1,0.0028653295128939827
1928-1937,chekiang highways,1,1,0.0028653295128939827
1938-1948,presidential address,3,3,0.03125
1938-1948,pottery tomb,1,1,0.010416666666666666
1938-1948,tomb figures,1,1,0.010416666666666666
1938-1948,figures ancient,1,1,0.010416666666666666
1938-1948,ancient presidential,1,1,0.010416666666666666
1938-1948,domesticated animals,1,1,0.010416666666666666
1938-1948,animals shang,1,1,0.010416666666666666
1938-1948,shang sacrifice,1,1,0.010416666666666666
1938-1948,times manners,1,1,0.010416666666666666
1938-1948,manners age,1,1,0.010416666666666666
1938-1948,age emperor,1,1,0.010416666666666666
1938-1948,emperor kang,1,1,0.010416666666666666
1938-1948,kang hsi,1,1,0.010416666666666666
1938-1948,language students,1,1,0.010416666666666666
1938-1948,students east,1,1,0.010416666666666666
1938-1948,east india,1,1,0.010416666666666666
1938-1948,india company,1,1,0.010416666666666666
1938-1948,company canton,1,1,0.010416666666666666
1938-1948,canton factory,1,1,0.010416666666666666
1938-1948,influence liquids,1,1,0.010416666666666666
1938-1948,liquids dissolution,1,1,0.010416666666666666
1938-1948,dissolution initial,1,1,0.010416666666666666
1938-1948,initial consonant,1,1,0.010416666666666666
1938-1948,consonant groups,1,1,0.010416666666666666
1938-1948,groups indo,1,1,0.010416666666666666
1938-1948,indo sinic,1,1,0.010416666666666666
1938-1948,sinic families,1,1,0.010416666666666666
1938-1948,animal myths,1,1,0.010416666666666666
1938-1948,myths legends,1,1,0.010416666666666666
1938-1948,legends presidential,1,1,0.010416666666666666
1938-1948,dragon medicine,1,1,0.010416666666666666
1938-1948,sacrifices ancient,1,1,0.010416666666666666
1938-1948,evolution characters,1,1,0.010416666666666666
1938-1948,characters beginning,1,1,0.010416666666666666
1938-1948,beginning shang,1,1,0.010416666666666666
1938-1948,shang pictographs,1,1,0.010416666666666666
1938-1948,worshipping imperial,1,1,0.010416666666666666
1938-1948,imperial ancestors,1,1,0.010416666666666666
1938-1948,ancestors peking,1,1,0.010416666666666666
1938-1948,remarkable animals,1,1,0.010416666666666666
1938-1948,animals presidential,1,1,0.010416666666666666
1938-1948,insects used,1,1,0.010416666666666666
1938-1948,used medicine,1,1,0.010416666666666666
1938-1948,cowries money,1,1,0.010416666666666666
1938-1948,money shang,1,1,0.010416666666666666
1938-1948,shang chou,1,1,0.010416666666666666
1938-1948,chou periods,1,1,0.010416666666666666
1938-1948,inscribed chou,1,1,0.010416666666666666
1938-1948,chou pottery,1,1,0.010416666666666666
1938-1948,pottery vessel,1,1,0.010416666666666666
1938-1948,historical attitudes,1,1,0.010416666666666666
1938-1948,attitudes peace,1,1,0.010416666666666666
1938-1948,peace war,1,1,0.010416666666666666
1938-1948,chin shan,1,1,0.010416666666666666
1938-1948,shan tsui,1,1,0.010416666666666666
1938-1948,tsui temple,1,1,0.010416666666666666
1938-1948,temple peitaiho,1,1,0.010416666666666666
1938-1948,bits soochow,1,1,0.010416666666666666
1938-1948,decorations bronzes,1,1,0.010416666666666666
1938-1948,ching chen,1,1,0.010416666666666666
1938-1948,chen procelain,1,1,0.010416666666666666
1938-1948,procelain city,1,1,0.010416666666666666
1938-1948,city emperors,1,1,0.010416666666666666
1938-1948,interpretations history,1,1,0.010416666666666666
1938-1948,zoological exploration,1,1,0.010416666666666666
1938-1948,sacred lamaist,1,1,0.010416666666666666
1938-1948,lamaist dances,1,1,0.010416666666666666
1938-1948,criminal law,1,1,0.010416666666666666
1938-1948,law ancient,1,1,0.010416666666666666
1938-1948,shadow play,1,1,0.010416666666666666
1938-1948,bibliographical catalogue,1,1,0.010416666666666666
1938-1948,catalogue european,1,1,0.010416666666666666
1938-1948,european books,1,1,0.010416666666666666
1938-1948,books printed,1,1,0.010416666666666666
1938-1948,missionary nationalism,1,1,0.010416666666666666
1938-1948,butterfly hunting,1,1,0.010416666666666666
1938-1948,hunting chekiang,1,1,0.010416666666666666
1938-1948,cosmological anthropological,1,1,0.010416666666666666
1938-1948,anthropological philosophy,1,1,0.010416666666666666
1938-1948,philosophy tung,1,1,0.010416666666666666
1938-1948,tung chung,1,1,0.010416666666666666
1938-1948,chung shu,1,1,0.010416666666666666
1938-1948,cause induced,1,1,0.010416666666666666
1938-1948,induced monk,1,1,0.010416666666666666
1938-1948,monk szu,1,1,0.010416666666666666
1938-1948,szu nestorian,1,1,0.010416666666666666
1938-1948,nestorian archbishop,1,1,0.010416666666666666
1938-1948,archbishop ch'ang,1,1,0.010416666666666666
1938-1948,ch'ang come,1,1,0.010416666666666666
1938-1948,come exact,1,1,0.010416666666666666
1938-1948,exact date,1,1,0.010416666666666666
1938-1948,date arrival,1,1,0.010416666666666666
1938-1948,blue turkish,1,1,0.010416666666666666
1938-1948,turkish tongue,1,1,0.010416666666666666
